date,COE,GVA,WAGESHARE,NUMBER
1997,433483,847346,0.51,0
1998,468881,882137,0.53,0
1999,501286,914805,0.55,0
2000,537710,968346,0.56,0
2001,573750,1006371,0.57,0
2002,592892,1054355,0.56,0
2003,622630,1118059,0.56,0
2004,658832,1172773,0.56,0
2005,689863,1241819,0.56,0
2006,736570,1310789,0.56,0
2007,781466,1377734,0.57,0
2008,792367,1414107,0.56,0
2009,795449,1382229,0.58,0
2010,819664,1414635,0.58,0
2011,831143,1452075,0.57,0
2012,850503,1495576,0.57,0
2013,879055,1551553,0.57,0
2014,899342,1624276,0.55,0
1997,2598,8697,0.3,1
1997,156,267,0.58,2
1997,52,418,0.12,3
1997,530,1124,0.47,4
1997,1216,13653,0.09,5
1997,922,1685,0.55,6
1997,142,1559,0.09,7
1997,1999,2618,0.76,8
1997,1275,1852,0.69,9
1997,103,283,0.36,10
1997,1091,1696,0.64,11
1997,425,671,0.63,12
1997,2062,2793,0.74,13
1997,2593,4462,0.58,14
1997,662,1071,0.62,15
1997,1439,4242,0.34,16
1997,210,842,0.25,17
1997,2877,4062,0.71,18
1997,2271,3618,0.63,19
1997,478,777,0.62,20
1997,1335,2083,0.64,21
1997,2671,4189,0.64,22
1997,3292,5653,0.58,23
1997,1468,2152,0.68,24
1997,694,1134,0.61,25
1997,1011,1790,0.56,26
1997,1078,1854,0.58,27
1997,643,1159,0.55,28
1997,2065,4086,0.51,29
1997,526,867,0.61,30
1997,2119,6337,0.33,31
1997,4552,7976,0.57,32
1997,1213,2117,0.57,33
1997,2040,3090,0.66,34
1997,1908,2807,0.68,35
1997,1662,2503,0.66,36
1997,345,718,0.48,37
1997,8216,11307,0.73,38
1997,6027,10742,0.56,39
1997,3629,5482,0.66,40
1997,7057,11092,0.64,41
1997,7206,9445,0.76,42
1997,716,907,0.79,43
1997,2794,5118,0.55,44
1997,262,449,0.58,45
1997,1978,2971,0.67,46
1997,1761,2971,0.59,47
1997,217,253,0.86,48
1997,588,578,1.02,49
1997,2215,3811,0.58,50
1997,2747,9887,0.28,51
1997,1463,3114,0.47,52
1997,701,2877,0.24,53
1997,543,2757,0.2,54
1997,280,2395,0.12,55
1997,25,22,1.14,56
1997,21551,44926,0.48,57
1997,7513,13249,0.57,58
1997,19586,37447,0.52,59
1997,23566,48415,0.49,60
1997,1952,2083,0.94,61
1997,10085,15026,0.67,62
1997,1450,1957,0.74,63
1997,2375,5263,0.45,64
1997,6767,9741,0.69,65
1997,4944,6420,0.77,66
1997,3463,5430,0.64,67
1997,9696,15240,0.64,68
1997,5132,9460,0.54,69
1997,3019,7770,0.39,70
1997,7241,13451,0.54,71
1997,7760,10845,0.72,72
1997,967,1706,0.57,73
1997,16664,29663,0.56,74
1997,4966,15219,0.33,75
1997,4623,6248,0.74,76
1997,5320,15511,0.34,77
1997,0,98453,0,78
1997,1438,2640,0.54,79
1997,3607,7877,0.46,80
1997,3484,6723,0.52,81
1997,3081,5265,0.59,82
1997,7872,12679,0.62,83
1997,2131,5759,0.37,84
1997,1717,4055,0.42,85
1997,2187,3103,0.7,86
1997,742,922,0.8,87
1997,3849,7066,0.54,88
1997,4028,6450,0.62,89
1997,2884,3941,0.73,90
1997,659,1180,0.56,91
1997,1872,3714,0.5,92
1997,4261,6285,0.68,93
1997,34104,43267,0.79,94
1997,37865,43377,0.87,95
1997,25206,34853,0.72,96
1997,10063,14733,0.68,97
1997,740,1620,0.46,98
1997,1393,1477,0.94,99
1997,1128,5347,0.21,100
1997,681,1863,0.37,101
1997,4584,5335,0.86,102
1997,530,981,0.54,103
1997,1489,6823,0.22,104
1997,3100,3405,0.91,105
1998,2737,9054,0.3,1
1998,165,315,0.52,2
1998,53,489,0.11,3
1998,440,399,1.1,4
1998,1403,26528,0.05,5
1998,1007,2524,0.4,6
1998,161,2669,0.06,7
1998,2026,2866,0.71,8
1998,1222,2639,0.46,9
1998,114,267,0.43,10
1998,1054,827,1.27,11
1998,503,1016,0.5,12
1998,2141,3764,0.57,13
1998,2639,5166,0.51,14
1998,631,635,0.99,15
1998,1453,4293,0.34,16
1998,241,1287,0.19,17
1998,2958,2421,1.22,18
1998,2336,1659,1.41,19
1998,476,627,0.76,20
1998,1422,2122,0.67,21
1998,2708,3558,0.76,22
1998,3618,5032,0.72,23
1998,1524,4207,0.36,24
1998,729,1303,0.56,25
1998,1067,1945,0.55,26
1998,1126,1043,1.08,27
1998,645,766,0.84,28
1998,2092,1667,1.25,29
1998,509,562,0.91,30
1998,2365,14059,0.17,31
1998,5267,7237,0.73,32
1998,1382,1877,0.74,33
1998,2046,2411,0.85,34
1998,2061,1582,1.3,35
1998,1711,1501,1.14,36
1998,384,1385,0.28,37
1998,9385,11557,0.81,38
1998,6581,7379,0.89,39
1998,3765,4648,0.81,40
1998,7633,10995,0.69,41
1998,7630,8223,0.93,42
1998,872,1301,0.67,43
1998,2816,7406,0.38,44
1998,297,1301,0.23,45
1998,2205,3120,0.71,46
1998,1878,4644,0.4,47
1998,267,471,0.57,48
1998,667,1472,0.45,49
1998,2458,3524,0.7,50
1998,2921,9032,0.32,51
1998,1509,4945,0.31,52
1998,713,4456,0.16,53
1998,635,4842,0.13,54
1998,723,8450,0.09,55
1998,29,85,0.34,56
1998,22875,85173,0.27,57
1998,8020,27247,0.29,58
1998,22059,51990,0.42,59
1998,25453,80466,0.32,60
1998,1858,4064,0.46,61
1998,11047,21895,0.5,62
1998,1331,5070,0.26,63
1998,2679,6615,0.4,64
1998,7441,14247,0.52,65
1998,5475,10524,0.52,66
1998,3820,8982,0.43,67
1998,10707,27747,0.39,68
1998,5718,10807,0.53,69
1998,3084,12658,0.24,70
1998,8218,25436,0.32,71
1998,10363,37480,0.28,72
1998,1230,4855,0.25,73
1998,18064,72290,0.25,74
1998,5187,22320,0.23,75
1998,4962,19518,0.25,76
1998,5386,39602,0.14,77
1998,0,127682,0,78
1998,1560,7906,0.2,79
1998,4205,19428,0.22,80
1998,3901,15092,0.26,81
1998,3523,16256,0.22,82
1998,8686,22249,0.39,83
1998,2254,8479,0.27,84
1998,2106,8365,0.25,85
1998,2542,7892,0.32,86
1998,766,2309,0.33,87
1998,4735,13357,0.35,88
1998,4789,14361,0.33,89
1998,3173,8396,0.38,90
1998,790,3050,0.26,91
1998,2117,8295,0.26,92
1998,5034,16465,0.31,93
1998,33997,79249,0.43,94
1998,40214,96249,0.42,95
1998,26394,84156,0.31,96
1998,10949,27409,0.4,97
1998,845,4222,0.2,98
1998,1414,2769,0.51,99
1998,1303,9268,0.14,100
1998,838,3990,0.21,101
1998,4751,13112,0.36,102
1998,646,2295,0.28,103
1998,1683,15367,0.11,104
1998,3289,5868,0.56,105
1999,2751,7943,0.35,1
1999,162,276,0.59,2
1999,57,404,0.14,3
1999,344,463,0.74,4
1999,1404,13348,0.11,5
1999,1027,772,1.33,6
1999,155,1241,0.12,7
1999,2050,2650,0.77,8
1999,1275,1860,0.69,9
1999,122,173,0.71,10
1999,1055,1506,0.7,11
1999,537,702,0.76,12
1999,2142,2727,0.79,13
1999,2784,4465,0.62,14
1999,633,904,0.7,15
1999,1530,4438,0.34,16
1999,263,853,0.31,17
1999,2715,3115,0.87,18
1999,2096,2418,0.87,19
1999,476,605,0.79,20
1999,1397,2080,0.67,21
1999,2800,3746,0.75,22
1999,3938,5841,0.67,23
1999,1619,2554,0.63,24
1999,767,915,0.84,25
1999,1126,2010,0.56,26
1999,1113,1975,0.56,27
1999,663,1059,0.63,28
1999,2311,3622,0.64,29
1999,503,904,0.56,30
1999,2432,6943,0.35,31
1999,5474,7711,0.71,32
1999,1376,1994,0.69,33
1999,2047,2688,0.76,34
1999,1912,2305,0.83,35
1999,1666,2005,0.83,36
1999,397,455,0.87,37
1999,9472,11559,0.82,38
1999,6671,10070,0.66,39
1999,3774,5417,0.7,40
1999,7632,10194,0.75,41
1999,7076,7886,0.9,42
1999,902,1052,0.86,43
1999,3025,5721,0.53,44
1999,307,448,0.69,45
1999,2238,3145,0.71,46
1999,1920,2922,0.66,47
1999,284,292,0.97,48
1999,722,1206,0.6,49
1999,2589,4614,0.56,50
1999,2737,9336,0.29,51
1999,1448,3111,0.47,52
1999,759,2981,0.25,53
1999,689,2749,0.25,54
1999,980,3386,0.29,55
1999,31,23,1.35,56
1999,24558,50362,0.49,57
1999,9276,14823,0.63,58
1999,24406,40063,0.61,59
1999,27332,53956,0.51,60
1999,2084,2377,0.88,61
1999,11531,16469,0.7,62
1999,1264,1675,0.75,63
1999,2911,5123,0.57,64
1999,7588,11168,0.68,65
1999,5804,7112,0.82,66
1999,4159,6500,0.64,67
1999,11640,18080,0.64,68
1999,6262,10451,0.6,69
1999,3450,8613,0.4,70
1999,8880,16924,0.52,71
1999,12127,16345,0.74,72
1999,1430,2278,0.63,73
1999,21484,29449,0.73,74
1999,5226,12657,0.41,75
1999,5656,7264,0.78,76
1999,5443,17799,0.31,77
1999,0,106178,0,78
1999,1631,3171,0.51,79
1999,4705,9319,0.5,80
1999,4244,7740,0.55,81
1999,4066,6817,0.6,82
1999,9275,13873,0.67,83
1999,2362,6271,0.38,84
1999,2625,4960,0.53,85
1999,2905,4071,0.71,86
1999,816,1131,0.72,87
1999,5143,8637,0.6,88
1999,5488,8611,0.64,89
1999,3231,4383,0.74,90
1999,904,1534,0.59,91
1999,2327,4314,0.54,92
1999,5765,8264,0.7,93
1999,36298,45507,0.8,94
1999,43080,48653,0.89,95
1999,27909,38424,0.73,96
1999,11742,16677,0.7,97
1999,951,1940,0.49,98
1999,1438,1510,0.95,99
1999,1508,6295,0.24,100
1999,982,2368,0.41,101
1999,4989,6316,0.79,102
1999,739,1173,0.63,103
1999,1809,7613,0.24,104
1999,3468,3785,0.92,105
2000,2785,7749,0.36,1
2000,162,265,0.61,2
2000,63,398,0.16,3
2000,337,420,0.8,4
2000,1626,20248,0.08,5
2000,1147,1596,0.72,6
2000,182,1973,0.09,7
2000,2145,2744,0.78,8
2000,1315,1933,0.68,9
2000,148,202,0.73,10
2000,1057,1398,0.76,11
2000,556,719,0.77,12
2000,2240,2717,0.82,13
2000,2981,4808,0.62,14
2000,591,822,0.72,15
2000,1493,4413,0.34,16
2000,284,898,0.32,17
2000,2614,3071,0.85,18
2000,1940,2408,0.81,19
2000,429,614,0.7,20
2000,1449,2133,0.68,21
2000,2777,3601,0.77,22
2000,4150,6480,0.64,23
2000,1579,1825,0.87,24
2000,787,935,0.84,25
2000,1150,2054,0.56,26
2000,1170,1869,0.63,27
2000,656,968,0.68,28
2000,2278,3308,0.69,29
2000,490,820,0.6,30
2000,2607,6937,0.38,31
2000,5700,7476,0.76,32
2000,1431,2081,0.69,33
2000,2123,2825,0.75,34
2000,1837,2249,0.82,35
2000,1603,2004,0.8,36
2000,401,699,0.57,37
2000,9442,11730,0.8,38
2000,6791,10139,0.67,39
2000,3868,5325,0.73,40
2000,7720,10520,0.73,41
2000,7133,9429,0.76,42
2000,866,1049,0.83,43
2000,3212,5727,0.56,44
2000,349,542,0.64,45
2000,2294,3164,0.73,46
2000,1953,2926,0.67,47
2000,266,353,0.75,48
2000,778,1337,0.58,49
2000,2768,4899,0.57,50
2000,2601,9223,0.28,51
2000,1429,3059,0.47,52
2000,736,2952,0.25,53
2000,740,2700,0.27,54
2000,1176,3587,0.33,55
2000,33,24,1.38,56
2000,27542,57478,0.48,57
2000,9808,14557,0.67,58
2000,26825,40034,0.67,59
2000,29038,55821,0.52,60
2000,2136,2439,0.88,61
2000,12088,16732,0.72,62
2000,1286,1614,0.8,63
2000,3136,5473,0.57,64
2000,7897,11570,0.68,65
2000,6216,7340,0.85,66
2000,4599,6908,0.67,67
2000,12889,19041,0.68,68
2000,6642,11000,0.6,69
2000,3760,9115,0.41,70
2000,9883,19460,0.51,71
2000,14041,18533,0.76,72
2000,1647,2555,0.64,73
2000,24464,29982,0.82,74
2000,4958,11557,0.43,75
2000,6694,8186,0.82,76
2000,5366,17977,0.3,77
2000,0,111389,0,78
2000,1734,3484,0.5,79
2000,5274,10118,0.52,80
2000,4923,8699,0.57,81
2000,4687,7364,0.64,82
2000,10108,14580,0.69,83
2000,2495,6193,0.4,84
2000,3151,5360,0.59,85
2000,3392,4806,0.71,86
2000,867,1233,0.7,87
2000,5439,8807,0.62,88
2000,6554,10107,0.65,89
2000,3403,4521,0.75,90
2000,1078,1782,0.6,91
2000,2601,4618,0.56,92
2000,6852,9990,0.69,93
2000,38011,47694,0.8,94
2000,46118,52091,0.89,95
2000,29969,41397,0.72,96
2000,12607,17444,0.72,97
2000,1072,2027,0.53,98
2000,1456,1627,0.89,99
2000,1784,6485,0.28,100
2000,1179,2583,0.46,101
2000,5090,6695,0.76,102
2000,848,1256,0.68,103
2000,2003,8285,0.24,104
2000,3662,3994,0.92,105
2001,2792,7666,0.36,1
2001,173,320,0.54,2
2001,64,340,0.19,3
2001,313,692,0.45,4
2001,1683,18526,0.09,5
2001,1120,1890,0.59,6
2001,189,1814,0.1,7
2001,2144,2802,0.77,8
2001,1324,1966,0.67,9
2001,326,469,0.7,10
2001,1059,1377,0.77,11
2001,594,774,0.77,12
2001,2254,2675,0.84,13
2001,3074,4871,0.63,14
2001,581,796,0.73,15
2001,1463,4012,0.36,16
2001,302,951,0.32,17
2001,2513,2949,0.85,18
2001,1685,2179,0.77,19
2001,370,487,0.76,20
2001,1485,2133,0.7,21
2001,2702,3453,0.78,22
2001,4208,6491,0.65,23
2001,1549,1650,0.94,24
2001,793,1017,0.78,25
2001,1192,2143,0.56,26
2001,1108,1658,0.67,27
2001,633,1091,0.58,28
2001,2187,3465,0.63,29
2001,493,834,0.59,30
2001,3105,8433,0.37,31
2001,5794,7332,0.79,32
2001,1421,2212,0.64,33
2001,2095,2906,0.72,34
2001,1756,2011,0.87,35
2001,1523,1860,0.82,36
2001,357,449,0.8,37
2001,9353,11311,0.83,38
2001,7216,8046,0.9,39
2001,3769,5303,0.71,40
2001,7652,9887,0.77,41
2001,6981,8484,0.82,42
2001,746,675,1.11,43
2001,3442,6197,0.56,44
2001,397,542,0.73,45
2001,2357,3176,0.74,46
2001,2099,3206,0.65,47
2001,236,238,0.99,48
2001,829,1222,0.68,49
2001,2685,3356,0.8,50
2001,2560,8387,0.31,51
2001,1434,3328,0.43,52
2001,775,3264,0.24,53
2001,807,2900,0.28,54
2001,1331,3785,0.35,55
2001,36,27,1.33,56
2001,29335,59424,0.49,57
2001,10776,17242,0.62,58
2001,28873,44220,0.65,59
2001,31460,59530,0.53,60
2001,2294,2691,0.85,61
2001,12655,17120,0.74,62
2001,1408,1688,0.83,63
2001,3057,5034,0.61,64
2001,8155,11979,0.68,65
2001,6973,7598,0.92,66
2001,4943,7360,0.67,67
2001,13852,20140,0.69,68
2001,6788,11005,0.62,69
2001,4294,9865,0.44,70
2001,11303,19304,0.59,71
2001,16223,20163,0.8,72
2001,1876,2764,0.68,73
2001,25344,30258,0.84,74
2001,4525,12555,0.36,75
2001,7345,8882,0.83,76
2001,5580,18852,0.3,77
2001,0,114527,0,78
2001,1850,3809,0.49,79
2001,6369,11462,0.56,80
2001,5702,9549,0.6,81
2001,5353,8349,0.64,82
2001,11015,15121,0.73,83
2001,2605,6298,0.41,84
2001,3719,6182,0.6,85
2001,3707,4964,0.75,86
2001,957,1313,0.73,87
2001,5885,9514,0.62,88
2001,7152,10607,0.67,89
2001,3533,4625,0.76,90
2001,1181,1892,0.62,91
2001,2800,4886,0.57,92
2001,7479,10323,0.72,93
2001,40133,50230,0.8,94
2001,50112,56448,0.89,95
2001,33056,45385,0.73,96
2001,14360,18571,0.77,97
2001,1177,2057,0.57,98
2001,1503,1737,0.87,99
2001,1915,6570,0.29,100
2001,1348,2678,0.5,101
2001,5660,7345,0.77,102
2001,900,1169,0.77,103
2001,2236,8846,0.25,104
2001,3855,4212,0.92,105
2002,2572,7795,0.33,1
2002,175,295,0.59,2
2002,67,377,0.18,3
2002,319,499,0.64,4
2002,1523,17839,0.09,5
2002,1006,2007,0.5,6
2002,172,1946,0.09,7
2002,2230,2810,0.79,8
2002,1336,1876,0.71,9
2002,318,513,0.62,10
2002,1136,1502,0.76,11
2002,668,865,0.77,12
2002,2292,2806,0.82,13
2002,3230,5221,0.62,14
2002,567,809,0.7,15
2002,1570,4020,0.39,16
2002,291,891,0.33,17
2002,2164,2608,0.83,18
2002,1243,1728,0.72,19
2002,317,461,0.69,20
2002,1520,2341,0.65,21
2002,2691,3625,0.74,22
2002,4183,6675,0.63,23
2002,1575,1965,0.8,24
2002,786,990,0.79,25
2002,1105,2113,0.52,26
2002,1154,1613,0.72,27
2002,641,1156,0.55,28
2002,2269,3708,0.61,29
2002,405,818,0.5,30
2002,2948,8362,0.35,31
2002,5676,7533,0.75,32
2002,1531,2331,0.66,33
2002,2076,3010,0.69,34
2002,1501,1699,0.88,35
2002,1419,1637,0.87,36
2002,362,386,0.94,37
2002,9379,11331,0.83,38
2002,6591,6970,0.95,39
2002,3556,4784,0.74,40
2002,7456,9656,0.77,41
2002,7089,8054,0.88,42
2002,728,902,0.81,43
2002,3458,5940,0.58,44
2002,464,571,0.81,45
2002,2294,3169,0.72,46
2002,1928,3146,0.61,47
2002,223,259,0.86,48
2002,826,1107,0.75,49
2002,2496,3133,0.8,50
2002,2662,9383,0.28,51
2002,1503,3375,0.45,52
2002,619,3103,0.2,53
2002,834,3076,0.27,54
2002,1776,4515,0.39,55
2002,38,30,1.27,56
2002,31170,67978,0.46,57
2002,11724,17062,0.69,58
2002,28704,42197,0.68,59
2002,33138,62532,0.53,60
2002,2504,2816,0.89,61
2002,12304,17583,0.7,62
2002,1622,1942,0.84,63
2002,3136,5231,0.6,64
2002,9072,12423,0.73,65
2002,7271,8204,0.89,66
2002,5175,7784,0.66,67
2002,14497,21413,0.68,68
2002,6771,11090,0.61,69
2002,4513,10508,0.43,70
2002,11612,20720,0.56,71
2002,17020,22110,0.77,72
2002,1971,3087,0.64,73
2002,23922,36667,0.65,74
2002,4131,9772,0.42,75
2002,7603,9624,0.79,76
2002,5417,19526,0.28,77
2002,0,116065,0,78
2002,1903,4239,0.45,79
2002,6826,12402,0.55,80
2002,5832,9819,0.59,81
2002,5759,9060,0.64,82
2002,11685,16571,0.71,83
2002,2910,7009,0.42,84
2002,3827,6941,0.55,85
2002,3864,5542,0.7,86
2002,1043,1444,0.72,87
2002,5855,10013,0.58,88
2002,7420,11143,0.67,89
2002,3880,5055,0.77,90
2002,1218,1970,0.62,91
2002,2901,5207,0.56,92
2002,7775,10466,0.74,93
2002,42378,52984,0.8,94
2002,53980,61338,0.88,95
2002,36167,49857,0.73,96
2002,15532,20078,0.77,97
2002,1248,2135,0.58,98
2002,1571,1841,0.85,99
2002,2055,7425,0.28,100
2002,1465,3020,0.49,101
2002,6226,8120,0.77,102
2002,898,1156,0.78,103
2002,2357,9383,0.25,104
2002,4082,4469,0.91,105
2003,2659,8789,0.3,1
2003,174,318,0.55,2
2003,71,355,0.2,3
2003,259,400,0.65,4
2003,1448,17800,0.08,5
2003,1021,1897,0.54,6
2003,169,1908,0.09,7
2003,2327,3118,0.75,8
2003,1447,2258,0.64,9
2003,228,773,0.29,10
2003,1223,2014,0.61,11
2003,717,858,0.84,12
2003,2394,3215,0.74,13
2003,3381,5660,0.6,14
2003,531,995,0.53,15
2003,1591,4144,0.38,16
2003,316,808,0.39,17
2003,1973,2303,0.86,18
2003,1196,2029,0.59,19
2003,234,322,0.73,20
2003,1617,2426,0.67,21
2003,2619,3162,0.83,22
2003,4203,5971,0.7,23
2003,1698,1247,1.36,24
2003,790,1203,0.66,25
2003,1169,2250,0.52,26
2003,1179,2010,0.59,27
2003,637,811,0.79,28
2003,2280,4185,0.54,29
2003,504,1067,0.47,30
2003,3394,9801,0.35,31
2003,5763,7239,0.8,32
2003,1642,2701,0.61,33
2003,2135,2421,0.88,34
2003,1460,1987,0.73,35
2003,1358,1160,1.17,36
2003,389,-113,-3.44,37
2003,9457,11439,0.83,38
2003,5990,4839,1.24,39
2003,3445,5062,0.68,40
2003,7425,7928,0.94,41
2003,6707,8081,0.83,42
2003,716,612,1.17,43
2003,3728,6723,0.55,44
2003,489,760,0.64,45
2003,2221,2670,0.83,46
2003,1966,3044,0.65,47
2003,229,66,3.47,48
2003,837,1452,0.58,49
2003,2345,3569,0.66,50
2003,2678,9750,0.27,51
2003,1553,3547,0.44,52
2003,668,3137,0.21,53
2003,890,3327,0.27,54
2003,2270,5446,0.42,55
2003,41,137,0.3,56
2003,33197,71304,0.47,57
2003,12419,19267,0.64,58
2003,29633,44851,0.66,59
2003,35133,64679,0.54,60
2003,2684,2573,1.04,61
2003,12753,18513,0.69,62
2003,1944,2606,0.75,63
2003,3161,5776,0.55,64
2003,9446,13306,0.71,65
2003,7161,8062,0.89,66
2003,5428,8375,0.65,67
2003,15219,22695,0.67,68
2003,6850,11238,0.61,69
2003,4515,11086,0.41,70
2003,11350,22238,0.51,71
2003,18750,24607,0.76,72
2003,2154,3392,0.64,73
2003,24648,42360,0.58,74
2003,4204,12739,0.33,75
2003,7921,10376,0.76,76
2003,5995,21728,0.28,77
2003,0,120564,0,78
2003,1942,4170,0.47,79
2003,7526,13564,0.55,80
2003,6055,10155,0.6,81
2003,6439,10449,0.62,82
2003,12479,17580,0.71,83
2003,3188,7098,0.45,84
2003,3812,7110,0.54,85
2003,4100,5932,0.69,86
2003,1135,1564,0.73,87
2003,5976,10599,0.56,88
2003,7859,12188,0.64,89
2003,4040,5407,0.75,90
2003,1288,2125,0.61,91
2003,3040,5660,0.54,92
2003,8264,11369,0.73,93
2003,46249,57839,0.8,94
2003,57442,65288,0.88,95
2003,39857,54353,0.73,96
2003,16208,21510,0.75,97
2003,1328,2400,0.55,98
2003,1899,2252,0.84,99
2003,2217,8033,0.28,100
2003,1598,3336,0.48,101
2003,6486,8633,0.75,102
2003,922,1180,0.78,103
2003,2491,10044,0.25,104
2003,4374,4805,0.91,105
2004,2769,9335,0.3,1
2004,184,336,0.55,2
2004,75,372,0.2,3
2004,196,218,0.9,4
2004,1685,18522,0.09,5
2004,1206,1799,0.67,6
2004,197,1906,0.1,7
2004,2375,2958,0.8,8
2004,1574,2056,0.77,9
2004,212,221,0.96,10
2004,1137,1394,0.82,11
2004,825,980,0.84,12
2004,2594,3126,0.83,13
2004,3486,5383,0.65,14
2004,571,815,0.7,15
2004,1734,3928,0.44,16
2004,438,928,0.47,17
2004,1904,2429,0.78,18
2004,1100,1523,0.72,19
2004,190,321,0.59,20
2004,1724,2668,0.65,21
2004,2661,3591,0.74,22
2004,4236,6521,0.65,23
2004,2107,2613,0.81,24
2004,861,1197,0.72,25
2004,1200,2023,0.59,26
2004,1200,1623,0.74,27
2004,553,1035,0.53,28
2004,1848,2939,0.63,29
2004,437,928,0.47,30
2004,3298,8233,0.4,31
2004,5844,7228,0.81,32
2004,1618,2117,0.76,33
2004,2087,2821,0.74,34
2004,1372,1304,1.05,35
2004,1354,1416,0.96,36
2004,484,806,0.6,37
2004,9356,10853,0.86,38
2004,5512,6410,0.86,39
2004,3402,4374,0.78,40
2004,7673,9418,0.81,41
2004,7003,7632,0.92,42
2004,772,792,0.97,43
2004,3721,7528,0.49,44
2004,507,715,0.71,45
2004,2151,2882,0.75,46
2004,1943,3242,0.6,47
2004,249,229,1.09,48
2004,798,1315,0.61,49
2004,2251,3211,0.7,50
2004,2791,9116,0.31,51
2004,1577,3448,0.46,52
2004,589,2994,0.2,53
2004,1046,3309,0.32,54
2004,3126,6203,0.5,55
2004,47,40,1.18,56
2004,34872,74263,0.47,57
2004,13370,20341,0.66,58
2004,30344,47891,0.63,59
2004,37931,67886,0.56,60
2004,2773,2842,0.98,61
2004,12912,18355,0.7,62
2004,2565,3794,0.68,63
2004,3356,5927,0.57,64
2004,9389,12612,0.74,65
2004,7222,8088,0.89,66
2004,5627,8607,0.65,67
2004,15775,23764,0.66,68
2004,6941,11003,0.63,69
2004,4556,11286,0.4,70
2004,11816,22589,0.52,71
2004,20947,27996,0.75,72
2004,2372,3684,0.64,73
2004,27571,50688,0.54,74
2004,7874,16728,0.47,75
2004,8501,11049,0.77,76
2004,5797,21205,0.27,77
2004,0,124053,0,78
2004,2110,4117,0.51,79
2004,7756,14836,0.52,80
2004,6047,10647,0.57,81
2004,7485,11141,0.67,82
2004,12873,17521,0.73,83
2004,3296,6613,0.5,84
2004,4007,7201,0.56,85
2004,4299,6055,0.71,86
2004,1208,1686,0.72,87
2004,5849,11273,0.52,88
2004,8246,12718,0.65,89
2004,4075,5332,0.76,90
2004,1356,2194,0.62,91
2004,3236,5917,0.55,92
2004,8657,12008,0.72,93
2004,49370,61522,0.8,94
2004,61509,69877,0.88,95
2004,44078,60359,0.73,96
2004,16682,22517,0.74,97
2004,1379,2538,0.54,98
2004,2045,2446,0.84,99
2004,2385,8627,0.28,100
2004,1632,3612,0.45,101
2004,6901,9172,0.75,102
2004,980,1281,0.77,103
2004,2568,10670,0.24,104
2004,4442,4918,0.9,105
2005,3067,7142,0.43,1
2005,193,337,0.57,2
2005,80,439,0.18,3
2005,192,89,2.16,4
2005,1842,22115,0.08,5
2005,1329,2184,0.61,6
2005,210,2271,0.09,7
2005,2175,2724,0.8,8
2005,1778,2506,0.71,9
2005,244,304,0.8,10
2005,949,1025,0.93,11
2005,749,1347,0.56,12
2005,2949,3655,0.81,13
2005,3460,5351,0.65,14
2005,697,1091,0.64,15
2005,1865,4215,0.44,16
2005,459,1124,0.41,17
2005,1859,2270,0.82,18
2005,1101,1432,0.77,19
2005,184,335,0.55,20
2005,1703,2593,0.66,21
2005,2674,3316,0.81,22
2005,4344,6554,0.66,23
2005,1620,2472,0.66,24
2005,873,1108,0.79,25
2005,1322,2336,0.57,26
2005,1232,1558,0.79,27
2005,572,1250,0.46,28
2005,1853,3968,0.47,29
2005,475,950,0.5,30
2005,3463,8197,0.42,31
2005,5829,7569,0.77,32
2005,1649,2453,0.67,33
2005,2138,2223,0.96,34
2005,1379,1512,0.91,35
2005,1350,1285,1.05,36
2005,561,742,0.76,37
2005,9547,12388,0.77,38
2005,5789.05,6892,0.84,39
2005,3462,4005,0.86,40
2005,7582,9960,0.76,41
2005,7148,8062,0.89,42
2005,751,882,0.85,43
2005,3402,6366,0.53,44
2005,554,654,0.85,45
2005,2214,2700,0.82,46
2005,1936,4073,0.48,47
2005,231,437,0.53,48
2005,846,1285,0.66,49
2005,2261,3111,0.73,50
2005,2855,9030,0.32,51
2005,1612,3497,0.46,52
2005,645,3296,0.2,53
2005,1194,3554,0.34,54
2005,3242,6808,0.48,55
2005,54,43,1.26,56
2005,37693,82378,0.46,57
2005,14437,22148,0.65,58
2005,30607,48345,0.63,59
2005,38808,69055,0.56,60
2005,2917,2927,1,61
2005,12904,18900,0.68,62
2005,2762,4147,0.67,63
2005,3387,6232,0.54,64
2005,9920,13042,0.76,65
2005,7464,8355,0.89,66
2005,5819,8968,0.65,67
2005,16298,24591,0.66,68
2005,7129,11047,0.65,69
2005,4959,11923,0.42,70
2005,11799,22594,0.52,71
2005,21369,28904,0.74,72
2005,2429,3648,0.67,73
2005,30985,56988,0.54,74
2005,8057,26118,0.31,75
2005,9207,11300,0.81,76
2005,5874,22833,0.26,77
2005,0,127349,0,78
2005,2262,5225,0.43,79
2005,7955.05,15527,0.51,80
2005,6321,11200,0.56,81
2005,7492,11420,0.66,82
2005,13929,18309,0.76,83
2005,3411,7230,0.47,84
2005,4065,6890,0.59,85
2005,4537,6476,0.7,86
2005,1275,1818,0.7,87
2005,5902,11758,0.5,88
2005,8563,13133,0.65,89
2005,4224,5290,0.8,90
2005,1407,2334,0.6,91
2005,3411,5987,0.57,92
2005,9123,12726,0.72,93
2005,53675,66560,0.81,94
2005,65795,74640,0.88,95
2005,46465,64126,0.72,96
2005,17818,24584,0.72,97
2005,1433,2634,0.54,98
2005,2078,2499,0.83,99
2005,2457,9214,0.27,100
2005,1700,3868,0.44,101
2005,7519,9756,0.77,102
2005,1006,1292,0.78,103
2005,2799,11274,0.25,104
2005,4673,5172,0.9,105
2006,3154,7323,0.43,1
2006,191,335,0.57,2
2006,93,465,0.2,3
2006,188,213,0.88,4
2006,2277,26521,0.09,5
2006,1592,2135,0.75,6
2006,241,2227,0.11,7
2006,2446,2810,0.87,8
2006,1650,2146,0.77,9
2006,229,273,0.84,10
2006,892,1197,0.75,11
2006,823,871,0.94,12
2006,2999,3520,0.85,13
2006,3793,5247,0.72,14
2006,573,884,0.65,15
2006,2000,4023,0.5,16
2006,435,1046,0.42,17
2006,1970,2333,0.84,18
2006,1183,1595,0.74,19
2006,237,401,0.59,20
2006,1799,2424,0.74,21
2006,2666,3255,0.82,22
2006,4479,6663,0.67,23
2006,1799,2538,0.71,24
2006,926,1096,0.84,25
2006,1452,2305,0.63,26
2006,1323,1688,0.78,27
2006,601,1386,0.43,28
2006,1907,3482,0.55,29
2006,505,903,0.56,30
2006,3774,9543,0.4,31
2006,5898,6819,0.86,32
2006,1699,2190,0.78,33
2006,2076,2629,0.79,34
2006,1613,1963,0.82,35
2006,1365,1742,0.78,36
2006,658,777,0.85,37
2006,9991,12198,0.82,38
2006,5887,6649,0.89,39
2006,3485,4533,0.77,40
2006,7956,9769,0.81,41
2006,7824,8111,0.96,42
2006,802,873,0.92,43
2006,3651,7282,0.5,44
2006,492,682,0.72,45
2006,2352,3209,0.73,46
2006,2126,3717,0.57,47
2006,242,208,1.16,48
2006,892,1242,0.72,49
2006,2434,3320,0.73,50
2006,3211,11516,0.28,51
2006,1628,4025,0.4,52
2006,785,3656,0.21,53
2006,1318,3709,0.36,54
2006,3608,6908,0.52,55
2006,58,15,3.87,56
2006,41615,88581,0.47,57
2006,15829,23328,0.68,58
2006,32039,50375,0.64,59
2006,40939,71425,0.57,60
2006,3369,3277,1.03,61
2006,13235,19607,0.68,62
2006,2718,3878,0.7,63
2006,3553,6232,0.57,64
2006,10599,12423,0.85,65
2006,7517,8980,0.84,66
2006,6169,9375,0.66,67
2006,17276,25322,0.68,68
2006,7340,11124,0.66,69
2006,4987,11388,0.44,70
2006,11226,22789,0.49,71
2006,21748,30877,0.7,72
2006,2497,4134,0.6,73
2006,39895,68453,0.58,74
2006,8463,20228,0.42,75
2006,10781,13898,0.78,76
2006,6524,23715,0.28,77
2006,0,131961,0,78
2006,2557,6008,0.43,79
2006,8121,17535,0.46,80
2006,7063,12907,0.55,81
2006,7959,13355,0.6,82
2006,14839,19783,0.75,83
2006,3896,7956,0.49,84
2006,4412,7896,0.56,85
2006,4725,7093,0.67,86
2006,1372,1908,0.72,87
2006,6183,11933,0.52,88
2006,8906,14470,0.62,89
2006,4529,6033,0.75,90
2006,1465,2495,0.59,91
2006,3627,6503,0.56,92
2006,9438,13705,0.69,93
2006,55759,69378,0.8,94
2006,69344,78950,0.88,95
2006,49961,69398,0.72,96
2006,18985,26408,0.72,97
2006,1516,2699,0.56,98
2006,2121,2617,0.81,99
2006,2646,9326,0.28,100
2006,1828,3967,0.46,101
2006,7943,10213,0.78,102
2006,1019,1351,0.75,103
2006,3046,11669,0.26,104
2006,4743,5273,0.9,105
2007,3663,7786,0.47,1
2007,195,391,0.5,2
2007,103,481,0.21,3
2007,217,87,2.49,4
2007,2856,25784,0.11,5
2007,1566,2216,0.71,6
2007,309,2227,0.14,7
2007,2416,2801,0.86,8
2007,1681,2164,0.78,9
2007,222,271,0.82,10
2007,893,1091,0.82,11
2007,816,758,1.08,12
2007,3056,3314,0.92,13
2007,3971,5305,0.75,14
2007,420,500,0.84,15
2007,2051,3834,0.53,16
2007,445,996,0.45,17
2007,1890,2317,0.82,18
2007,1248,1687,0.74,19
2007,245,442,0.55,20
2007,1901,2676,0.71,21
2007,2660,3371,0.79,22
2007,4434,6304,0.7,23
2007,2282,3095,0.74,24
2007,866,1123,0.77,25
2007,1400,2106,0.66,26
2007,1192,1603,0.74,27
2007,591,1493,0.4,28
2007,1832,3128,0.59,29
2007,482,842,0.57,30
2007,3595,9959,0.36,31
2007,5978,7037,0.85,32
2007,1778,2295,0.77,33
2007,2148,2872,0.75,34
2007,1499,2084,0.72,35
2007,1411,1874,0.75,36
2007,687,1102,0.62,37
2007,10240,12546,0.82,38
2007,5552,6407,0.87,39
2007,3425,4305,0.8,40
2007,8039,9711,0.83,41
2007,7053,7497,0.94,42
2007,849,959,0.89,43
2007,3715,6533,0.57,44
2007,538,555,0.97,45
2007,2417,3496,0.69,46
2007,2158,4091,0.53,47
2007,266,238,1.12,48
2007,888,1163,0.76,49
2007,2472,3497,0.71,50
2007,3957,12003,0.33,51
2007,1765,4305,0.41,52
2007,1074,4215,0.25,53
2007,1423,4063,0.35,54
2007,3855,7342,0.53,55
2007,61,23,2.65,56
2007,47302,95081,0.5,57
2007,16508,24759,0.67,58
2007,33573,52691,0.64,59
2007,43100,74832,0.58,60
2007,3443,3415,1.01,61
2007,14275,20485,0.7,62
2007,2945,4283,0.69,63
2007,3790,6508,0.58,64
2007,11289,12847,0.88,65
2007,7848,9173,0.86,66
2007,6577,9752,0.67,67
2007,18411,26484,0.7,68
2007,7344,11023,0.67,69
2007,5518,11555,0.48,70
2007,12276,24594,0.5,71
2007,23602,32889,0.72,72
2007,2715,4306,0.63,73
2007,43337,74658,0.58,74
2007,9853,27985,0.35,75
2007,13024,15652,0.83,76
2007,7309,25268,0.29,77
2007,0,137083,0,78
2007,2629,6207,0.42,79
2007,8973,18849,0.48,80
2007,7405,13505,0.55,81
2007,9048,14101,0.64,82
2007,16090,21325,0.75,83
2007,4032,8581,0.47,84
2007,5271,8468,0.62,85
2007,5052,7267,0.7,86
2007,1427,2030,0.7,87
2007,6533,12811,0.51,88
2007,9569,14867,0.64,89
2007,4826,6423,0.75,90
2007,1581,2542,0.62,91
2007,3855,6847,0.56,92
2007,10130,14449,0.7,93
2007,56734,70764,0.8,94
2007,73674,83483,0.88,95
2007,51780,72682,0.71,96
2007,19647,27647,0.71,97
2007,1638,2947,0.56,98
2007,2165,2547,0.85,99
2007,2996,9614,0.31,100
2007,1996,4016,0.5,101
2007,8359,10603,0.79,102
2007,1093,1400,0.78,103
2007,3336,12710,0.26,104
2007,4842,5361,0.9,105
2008,3682,9037,0.41,1
2008,200,354,0.56,2
2008,120,468,0.26,3
2008,252,433,0.58,4
2008,2611,29846,0.09,5
2008,1573,2399,0.66,6
2008,281,2889,0.1,7
2008,2393,2714,0.88,8
2008,1740,2138,0.81,9
2008,191,308,0.62,10
2008,847,667,1.27,11
2008,840,897,0.94,12
2008,2693,3455,0.78,13
2008,4152,5308,0.78,14
2008,382,568,0.67,15
2008,2002,4161,0.48,16
2008,436,1033,0.42,17
2008,1949,2225,0.88,18
2008,1216,1430,0.85,19
2008,220,575,0.38,20
2008,1845,2714,0.68,21
2008,2594,3581,0.72,22
2008,4361,5733,0.76,23
2008,2186,2536,0.86,24
2008,840,1298,0.65,25
2008,1413,2093,0.68,26
2008,1049,1386,0.76,27
2008,577,1050,0.55,28
2008,1657,2974,0.56,29
2008,490,825,0.59,30
2008,4847,12704,0.38,31
2008,5879,7160,0.82,32
2008,1758,2382,0.74,33
2008,2078,2802,0.74,34
2008,1467,1800,0.82,35
2008,1216,1801,0.68,36
2008,686,1602,0.43,37
2008,10199,12847,0.79,38
2008,5698,6988,0.82,39
2008,3494,4887,0.71,40
2008,8141,10630,0.77,41
2008,7536,8210,0.92,42
2008,1015,1095,0.93,43
2008,4109,5634,0.73,44
2008,552,516,1.07,45
2008,2156,3118,0.69,46
2008,2077,4004,0.52,47
2008,305,296,1.03,48
2008,990,1222,0.81,49
2008,2506,3600,0.7,50
2008,3821,10754,0.36,51
2008,1806,3938,0.46,52
2008,1103,4481,0.25,53
2008,1466,4469,0.33,54
2008,3762,7182,0.52,55
2008,73,55,1.33,56
2008,46277,89586,0.52,57
2008,17913,26074,0.69,58
2008,33996,52934,0.64,59
2008,44952,77127,0.58,60
2008,3505,3711,0.94,61
2008,14413,20564,0.7,62
2008,3225,4495,0.72,63
2008,4055,6976,0.58,64
2008,12196,15078,0.81,65
2008,7635,8905,0.86,66
2008,6422,9794,0.66,67
2008,18528,26650,0.7,68
2008,7231,10942,0.66,69
2008,5701,11956,0.48,70
2008,12759,25882,0.49,71
2008,24280,34370,0.71,72
2008,2824,4466,0.63,73
2008,36627,67998,0.54,74
2008,8749,22770,0.38,75
2008,13058,17634,0.74,76
2008,7846,28856,0.27,77
2008,0,146501,0,78
2008,2636,6348,0.42,79
2008,8915,18592,0.48,80
2008,7667,13664,0.56,81
2008,10060,15736,0.64,82
2008,16315,21909,0.74,83
2008,4260,9844,0.43,84
2008,5179,8556,0.61,85
2008,4936,6984,0.71,86
2008,1471,2189,0.67,87
2008,6455,13099,0.49,88
2008,10029,16633,0.6,89
2008,5243,6943,0.76,90
2008,1532,2575,0.59,91
2008,3969,7571,0.52,92
2008,10016,14329,0.7,93
2008,58435,73347,0.8,94
2008,78511,89205,0.88,95
2008,53241,74522,0.71,96
2008,20296,27076,0.75,97
2008,1674,2929,0.57,98
2008,2304,2905,0.79,99
2008,2997,10172,0.29,100
2008,2162,4219,0.51,101
2008,8499,11340,0.75,102
2008,1122,1636,0.69,103
2008,3482,13330,0.26,104
2008,5237,5913,0.89,105
2009,3832,7500,0.51,1
2009,207,365,0.57,2
2009,112,472,0.24,3
2009,244,205,1.19,4
2009,2510,21466,0.12,5
2009,1436,2351,0.61,6
2009,290,3211,0.09,7
2009,2528,2929,0.86,8
2009,1827,2349,0.78,9
2009,188,492,0.38,10
2009,818,895,0.91,11
2009,848,1171,0.72,12
2009,2932,3706,0.79,13
2009,4147,5097,0.81,14
2009,486,763,0.64,15
2009,1832,6005,0.31,16
2009,469,1115,0.42,17
2009,1675,1922,0.87,18
2009,1034,902,1.15,19
2009,206,588,0.35,20
2009,1558,2036,0.77,21
2009,2668,3788,0.7,22
2009,4193,4714,0.89,23
2009,2509,5854,0.43,24
2009,785,1174,0.67,25
2009,1375,1976,0.7,26
2009,1034,992,1.04,27
2009,488,839,0.58,28
2009,1501,2375,0.63,29
2009,500,330,1.52,30
2009,4435,13613,0.33,31
2009,5749,7039,0.82,32
2009,1655,1814,0.91,33
2009,1967,2350,0.84,34
2009,1340,506,2.65,35
2009,1148,1391,0.83,36
2009,701,1411,0.5,37
2009,9149,10241,0.89,38
2009,5794,7049,0.82,39
2009,3584,4097,0.87,40
2009,7757,6694,1.16,41
2009,6665,5862,1.14,42
2009,1075,1244,0.86,43
2009,4027,5629,0.72,44
2009,538,889,0.61,45
2009,2052,2869,0.72,46
2009,2053,4006,0.51,47
2009,279,422,0.66,48
2009,901,1078,0.84,49
2009,2334,3421,0.68,50
2009,3611,17152,0.21,51
2009,2128,5144,0.41,52
2009,1123,4283,0.26,53
2009,1520,4602,0.33,54
2009,3782,6355,0.6,55
2009,116,109,1.06,56
2009,44801,77097,0.58,57
2009,17096,22788,0.75,58
2009,33500,53403,0.63,59
2009,44871,76416,0.59,60
2009,3625,3690,0.98,61
2009,13867,19701,0.7,62
2009,3320,4233,0.78,63
2009,3738,6326,0.59,64
2009,11988,11898,1.01,65
2009,8568,10423,0.82,66
2009,6458,9624,0.67,67
2009,18103,25294,0.72,68
2009,6662,10624,0.63,69
2009,5511,11835,0.47,70
2009,11646,26295,0.44,71
2009,23494,32318,0.73,72
2009,2828,4359,0.65,73
2009,39020,82529,0.47,74
2009,7335,23967,0.31,75
2009,14934,19428,0.77,76
2009,6844,30157,0.23,77
2009,0,122729,0,78
2009,2606,6949,0.38,79
2009,8157,18250,0.45,80
2009,7501,14097,0.53,81
2009,9919,15200,0.65,82
2009,16563,21783,0.76,83
2009,4532,7933,0.57,84
2009,4984,7435,0.67,85
2009,5161,6879,0.75,86
2009,1571,2354,0.67,87
2009,6665,12770,0.52,88
2009,10028,15374,0.65,89
2009,5254,7170,0.73,90
2009,1451,2618,0.55,91
2009,3924,7451,0.53,92
2009,10263,14580,0.7,93
2009,61292,76702,0.8,94
2009,82143,92615,0.89,95
2009,56309,77397,0.73,96
2009,21179,29895,0.71,97
2009,1905,3685,0.52,98
2009,2495,2935,0.85,99
2009,3051,9097,0.34,100
2009,2364,4181,0.57,101
2009,8008,11175,0.72,102
2009,1326,1804,0.74,103
2009,3925,14492,0.27,104
2009,4949,5422,0.91,105
2010,3942,9406,0.42,1
2010,198,344,0.58,2
2010,94,582,0.16,3
2010,238,993,0.24,4
2010,3065,25134,0.12,5
2010,1460,2128,0.69,6
2010,287,2134,0.13,7
2010,2561,2858,0.9,8
2010,2107,2625,0.8,9
2010,244,402,0.61,10
2010,814,744,1.09,11
2010,901,1158,0.78,12
2010,3175,3751,0.85,13
2010,4094,5016,0.82,14
2010,544,691,0.79,15
2010,1820,4184,0.43,16
2010,505,1105,0.46,17
2010,1711,2497,0.69,18
2010,1087,1580,0.69,19
2010,215,524,0.41,20
2010,1559,2281,0.68,21
2010,2681,3631,0.74,22
2010,3669,4885,0.75,23
2010,2532,4446,0.57,24
2010,814,1277,0.64,25
2010,1474,2138,0.69,26
2010,897,1010,0.89,27
2010,538,845,0.64,28
2010,1587,3057,0.52,29
2010,308,452,0.68,30
2010,4654,14249,0.33,31
2010,5596,7096,0.79,32
2010,1563,2029,0.77,33
2010,1802,2303,0.78,34
2010,1180,1638,0.72,35
2010,1115,1279,0.87,36
2010,755,1384,0.55,37
2010,9405,10658,0.88,38
2010,5940,7568,0.78,39
2010,3549,4517,0.79,40
2010,7913,9262,0.85,41
2010,7086,8434,0.84,42
2010,1198,967,1.24,43
2010,4284,5062,0.85,44
2010,681,857,0.79,45
2010,1944,2911,0.67,46
2010,2071,4288,0.48,47
2010,403,528,0.76,48
2010,1018,1656,0.61,49
2010,2187,3459,0.63,50
2010,4277,9795,0.44,51
2010,2034,5513,0.37,52
2010,1128,4281,0.26,53
2010,1646,4614,0.36,54
2010,4158,7806,0.53,55
2010,106,78,1.36,56
2010,45126,80742,0.56,57
2010,17617,25775,0.68,58
2010,33868,53965,0.63,59
2010,48211,79978,0.6,60
2010,3739,4026,0.93,61
2010,13653,21459,0.64,62
2010,3346,4570,0.73,63
2010,3542,5933,0.6,64
2010,11936,13266,0.9,65
2010,8462,10637,0.8,66
2010,6142,9085,0.68,67
2010,18887,25942,0.73,68
2010,6913,10973,0.63,69
2010,5406,12189,0.44,70
2010,12180,24738,0.49,71
2010,23807,33545,0.71,72
2010,3047,4675,0.65,73
2010,40307,75941,0.53,74
2010,8129,20201,0.4,75
2010,15064,19531,0.77,76
2010,7017,34050,0.21,77
2010,0,122459,0,78
2010,2851,7630,0.37,79
2010,8564,18930,0.45,80
2010,7860,14568,0.54,81
2010,9584,15457,0.62,82
2010,16442,22165,0.74,83
2010,4628,8266,0.56,84
2010,4620,7280,0.63,85
2010,5319,7708,0.69,86
2010,1617,2388,0.68,87
2010,7007,13434,0.52,88
2010,9380,15171,0.62,89
2010,5169,7241,0.71,90
2010,1489,2825,0.53,91
2010,4052,7958,0.51,92
2010,10296,15015,0.69,93
2010,62644,79337,0.79,94
2010,84527,94817,0.89,95
2010,59593,81760,0.73,96
2010,21805,28145,0.77,97
2010,2019,4229,0.48,98
2010,2462,2832,0.87,99
2010,2722,8407,0.32,100
2010,2451,4173,0.59,101
2010,11317,12685,0.89,102
2010,1528,1916,0.8,103
2010,4807,16335,0.29,104
2010,5698,6173,0.92,105
2011,4016,9054,0.44,1
2011,190,315,0.6,2
2011,92,489,0.19,3
2011,269,399,0.67,4
2011,3383,26528,0.13,5
2011,1558,2524,0.62,6
2011,379,2669,0.14,7
2011,2613,2866,0.91,8
2011,2199,2639,0.83,9
2011,201,267,0.75,10
2011,814,827,0.98,11
2011,816,1016,0.8,12
2011,3144,3764,0.84,13
2011,4307,5166,0.83,14
2011,490,635,0.77,15
2011,1935,4293,0.45,16
2011,510,1287,0.4,17
2011,1708,2421,0.71,18
2011,1045,1659,0.63,19
2011,241,627,0.38,20
2011,1592,2122,0.75,21
2011,2650,3558,0.74,22
2011,3534,5032,0.7,23
2011,2576,4207,0.61,24
2011,908,1303,0.7,25
2011,1200,1945,0.62,26
2011,898,1043,0.86,27
2011,517,766,0.67,28
2011,1725,1667,1.03,29
2011,393,562,0.7,30
2011,4711,14059,0.34,31
2011,5626,7237,0.78,32
2011,1480,1877,0.79,33
2011,1660,2411,0.69,34
2011,1263,1582,0.8,35
2011,1174,1501,0.78,36
2011,760,1385,0.55,37
2011,9583,11557,0.83,38
2011,6070,7379,0.82,39
2011,3570,4648,0.77,40
2011,8930,10995,0.81,41
2011,7170,8223,0.87,42
2011,1292,1301,0.99,43
2011,4860,7406,0.66,44
2011,701,1301,0.54,45
2011,2029,3120,0.65,46
2011,2184,4644,0.47,47
2011,395,471,0.84,48
2011,1102,1472,0.75,49
2011,2200,3524,0.62,50
2011,4241,9032,0.47,51
2011,2111,4945,0.43,52
2011,1147,4456,0.26,53
2011,1675,4842,0.35,54
2011,4266,8450,0.5,55
2011,116,85,1.36,56
2011,46521,85173,0.55,57
2011,17396,27247,0.64,58
2011,33929,51990,0.65,59
2011,50081,80466,0.62,60
2011,3917,4064,0.96,61
2011,13826,21895,0.63,62
2011,3603,5070,0.71,63
2011,3603,6615,0.54,64
2011,12667,14247,0.89,65
2011,8250,10524,0.78,66
2011,6190,8982,0.69,67
2011,19478,27747,0.7,68
2011,7108,10807,0.66,69
2011,6016,12658,0.48,70
2011,13186,25436,0.52,71
2011,24598,37480,0.66,72
2011,3178,4855,0.65,73
2011,39191,72290,0.54,74
2011,7503,22320,0.34,75
2011,14328,19518,0.73,76
2011,7357,39602,0.19,77
2011,0,127682,0,78
2011,2717,7906,0.34,79
2011,8778,19428,0.45,80
2011,8681,15092,0.58,81
2011,10220,16256,0.63,82
2011,16666,22249,0.75,83
2011,4284,8479,0.51,84
2011,5097,8365,0.61,85
2011,5439,7892,0.69,86
2011,1564,2309,0.68,87
2011,6959,13357,0.52,88
2011,8367,14361,0.58,89
2011,5820,8396,0.69,90
2011,1482,3050,0.49,91
2011,3960,8295,0.48,92
2011,11049,16465,0.67,93
2011,60963,79249,0.77,94
2011,85111,96249,0.88,95
2011,61107,84156,0.73,96
2011,21644,27409,0.79,97
2011,2051,4222,0.49,98
2011,2902,2769,1.05,99
2011,2810,9268,0.3,100
2011,2450,3990,0.61,101
2011,11137,13112,0.85,102
2011,1794,2295,0.78,103
2011,4473,15367,0.29,104
2011,5473,5868,0.93,105
2012,4147,9141,0.45,1
2012,196,326,0.6,2
2012,109,506,0.22,3
2012,263,359,0.73,4
2012,3717,22151,0.17,5
2012,1797,3077,0.58,6
2012,470,2811,0.17,7
2012,2759,3273,0.84,8
2012,2170,2691,0.81,9
2012,166,275,0.6,10
2012,788,1064,0.74,11
2012,861,1117,0.77,12
2012,3087,3867,0.8,13
2012,4265,5174,0.82,14
2012,483,756,0.64,15
2012,1813,4435,0.41,16
2012,508,1234,0.41,17
2012,1799,2596,0.69,18
2012,1095,1678,0.65,19
2012,274,570,0.48,20
2012,1565,2368,0.66,21
2012,2642,3748,0.7,22
2012,3501,4962,0.71,23
2012,2452,3769,0.65,24
2012,922,1296,0.71,25
2012,1286,1952,0.66,26
2012,1002,1410,0.71,27
2012,459,910,0.5,28
2012,1641,1734,0.95,29
2012,429,733,0.59,30
2012,4679,13088,0.36,31
2012,5804,7733,0.75,32
2012,1483,1915,0.77,33
2012,1674,2357,0.71,34
2012,1339,1695,0.79,35
2012,1082,1452,0.75,36
2012,810,1939,0.42,37
2012,10144,12436,0.82,38
2012,6121,7916,0.77,39
2012,3685,4681,0.79,40
2012,8779,11016,0.8,41
2012,7627,8589,0.89,42
2012,1294,1521,0.85,43
2012,4198,6148,0.68,44
2012,793,1168,0.68,45
2012,2154,3232,0.67,46
2012,2153,4352,0.49,47
2012,462,531,0.87,48
2012,1250,1602,0.78,49
2012,2299,3551,0.65,50
2012,4329,14591,0.3,51
2012,2544,5750,0.44,52
2012,1207,4593,0.26,53
2012,1768,4815,0.37,54
2012,4025,8120,0.5,55
2012,110,76,1.45,56
2012,47611,86436,0.55,57
2012,18859,26559,0.71,58
2012,34376,49251,0.7,59
2012,51156,84051,0.61,60
2012,4195,4401,0.95,61
2012,13019,21697,0.6,62
2012,3829,5884,0.65,63
2012,3461,6422,0.54,64
2012,11617,14807,0.78,65
2012,7987,9567,0.83,66
2012,6749,10334,0.65,67
2012,20879,30577,0.68,68
2012,7368,11212,0.66,69
2012,6227,13505,0.46,70
2012,14190,25986,0.55,71
2012,25819,37269,0.69,72
2012,3144,5062,0.62,73
2012,38039,66833,0.57,74
2012,7530,27106,0.28,75
2012,13261,18931,0.7,76
2012,8241,44812,0.18,77
2012,0,136205,0,78
2012,3198,8148,0.39,79
2012,8921,20917,0.43,80
2012,9117,15713,0.58,81
2012,10632,15897,0.67,82
2012,17035,24327,0.7,83
2012,4316,8713,0.5,84
2012,5526,9056,0.61,85
2012,5723,8468,0.68,86
2012,1706,2543,0.67,87
2012,7395,13905,0.53,88
2012,8995,14718,0.61,89
2012,6314,9399,0.67,90
2012,1695,3311,0.51,91
2012,4716,8959,0.53,92
2012,11903,17696,0.67,93
2012,60765,80314,0.76,94
2012,85511,96771,0.88,95
2012,64487,87031,0.74,96
2012,22429,27941,0.8,97
2012,2100,4555,0.46,98
2012,2988,3204,0.93,99
2012,3271,9800,0.33,100
2012,2802,4868,0.58,101
2012,10728,13743,0.78,102
2012,1698,2163,0.79,103
2012,4828,15609,0.31,104
2012,5668,6050,0.94,105
2013,4478,10341,0.43,1
2013,124,223,0.56,2
2013,134,529,0.25,3
2013,181,200,0.91,4
2013,4004,21861,0.18,5
2013,1808,2903,0.62,6
2013,567,2406,0.24,7
2013,2849,3642,0.78,8
2013,2199,2817,0.78,9
2013,123,263,0.47,10
2013,741,1131,0.66,11
2013,887,1207,0.73,12
2013,3036,3815,0.8,13
2013,4384,5912,0.74,14
2013,483,839,0.58,15
2013,1966,5075,0.39,16
2013,549,1263,0.43,17
2013,1906,2753,0.69,18
2013,1263,2359,0.54,19
2013,296,663,0.45,20
2013,1681,2479,0.68,21
2013,2895,4204,0.69,22
2013,3314,4898,0.68,23
2013,2115,2094,1.01,24
2013,963,1364,0.71,25
2013,1354,2147,0.63,26
2013,1087,1614,0.67,27
2013,490,1130,0.43,28
2013,1791,1992,0.9,29
2013,501,800,0.63,30
2013,4705,13335,0.35,31
2013,6094,8208,0.74,32
2013,1492,1953,0.76,33
2013,1708,2344,0.73,34
2013,1230,1643,0.75,35
2013,1255,1781,0.7,36
2013,813,1947,0.42,37
2013,10865,13506,0.8,38
2013,6252,8218,0.76,39
2013,3677,4752,0.77,40
2013,9160,11509,0.8,41
2013,8281,11540,0.72,42
2013,1249,1415,0.88,43
2013,4371,6731,0.65,44
2013,771,1218,0.63,45
2013,2318,3615,0.64,46
2013,2192,4778,0.46,47
2013,465,439,1.06,48
2013,1266,1906,0.66,49
2013,2613,3899,0.67,50
2013,4609,16786,0.27,51
2013,2829,6955,0.41,52
2013,1315,4995,0.26,53
2013,1852,4683,0.4,54
2013,3926,7155,0.55,55
2013,142,151,0.94,56
2013,49339,90810,0.54,57
2013,19455,28181,0.69,58
2013,36820,51224,0.72,59
2013,52225,87010,0.6,60
2013,4237,4613,0.92,61
2013,13493,22782,0.59,62
2013,4067,6378,0.64,63
2013,3425,7237,0.47,64
2013,12440,16486,0.75,65
2013,8053,9947,0.81,66
2013,7098,11814,0.6,67
2013,22689,33016,0.69,68
2013,7286,11056,0.66,69
2013,6618,14160,0.47,70
2013,14685,27976,0.52,71
2013,26682,38479,0.69,72
2013,3666,5331,0.69,73
2013,40039,68095,0.59,74
2013,7412,29815,0.25,75
2013,14736,20137,0.73,76
2013,8457,44017,0.19,77
2013,0,137153,0,78
2013,3257,8231,0.4,79
2013,9190,21832,0.42,80
2013,8997,16358,0.55,81
2013,12532,18071,0.69,82
2013,17873,26010,0.69,83
2013,4265,8375,0.51,84
2013,5972,10327,0.58,85
2013,6035,9211,0.66,86
2013,1763,2661,0.66,87
2013,7567,14169,0.53,88
2013,9488,15518,0.61,89
2013,6472,9823,0.66,90
2013,1649,3371,0.49,91
2013,5620,9683,0.58,92
2013,12989,19243,0.67,93
2013,60387,80654,0.75,94
2013,85523,98017,0.87,95
2013,64477,85304,0.76,96
2013,23330,28799,0.81,97
2013,2090,4594,0.45,98
2013,3121,3414,0.91,99
2013,3585,9950,0.36,100
2013,2234,4288,0.52,101
2013,11298,14421,0.78,102
2013,1903,2538,0.75,103
2013,4892,16150,0.3,104
2013,6005,6438,0.93,105
2014,4417,10211,0.43,1
2014,73,172,0.42,2
2014,160,615,0.26,3
2014,142,125,1.14,4
2014,3713,18534,0.2,5
2014,1835,2861,0.64,6
2014,652,2286,0.29,7
2014,2943,3700,0.8,8
2014,2300,3002,0.77,9
2014,148,301,0.49,10
2014,785,1235,0.64,11
2014,897,1215,0.74,12
2014,3095,3815,0.81,13
2014,4315,6233,0.69,14
2014,502,889,0.56,15
2014,1968,5077,0.39,16
2014,528,1174,0.45,17
2014,1830,2914,0.63,18
2014,1298,2502,0.52,19
2014,254,540,0.47,20
2014,1602,2581,0.62,21
2014,2902,4254,0.68,22
2014,3291,4618,0.71,23
2014,2073,2054,1.01,24
2014,997,1412,0.71,25
2014,1333,2565,0.52,26
2014,1122,1691,0.66,27
2014,551,1325,0.42,28
2014,1694,2020,0.84,29
2014,521,809,0.64,30
2014,4623,12810,0.36,31
2014,6066,8190,0.74,32
2014,1431,1931,0.74,33
2014,1807,2612,0.69,34
2014,1185,1498,0.79,35
2014,1323,1841,0.72,36
2014,807,1957,0.41,37
2014,11024,14495,0.76,38
2014,6386,8630,0.74,39
2014,3873,4624,0.84,40
2014,9300,12437,0.75,41
2014,8959,13626,0.66,42
2014,1265,1598,0.79,43
2014,4450,5772,0.77,44
2014,787,1356,0.58,45
2014,2483,4452,0.56,46
2014,2269,4962,0.46,47
2014,463,399,1.16,48
2014,1359,1898,0.72,49
2014,2367,4042,0.59,50
2014,4740,17821,0.27,51
2014,2834,6990,0.41,52
2014,1405,5129,0.27,53
2014,1897,4712,0.4,54
2014,4009,6863,0.58,55
2014,130,144,0.9,56
2014,51350,96756,0.53,57
2014,20320,30157,0.67,58
2014,37841,56712,0.67,59
2014,53587,90641,0.59,60
2014,4486,5179,0.87,61
2014,15720,24864,0.63,62
2014,4318,7158,0.6,63
2014,4013,8667,0.46,64
2014,13332,17726,0.75,65
2014,8295,10420,0.8,66
2014,7748,12820,0.6,67
2014,23449,34137,0.69,68
2014,7034,11467,0.61,69
2014,6611,14373,0.46,70
2014,14109,29094,0.48,71
2014,27536,40798,0.67,72
2014,3610,5697,0.63,73
2014,39994,64802,0.62,74
2014,7837,36003,0.22,75
2014,15824,21099,0.75,76
2014,8483,47121,0.18,77
2014,0,149398,0,78
2014,3595,8730,0.41,79
2014,9174,22964,0.4,80
2014,9117,16791,0.54,81
2014,12144,20022,0.61,82
2014,17999,26804,0.67,83
2014,4240,8825,0.48,84
2014,6408,11378,0.56,85
2014,6354,10102,0.63,86
2014,1818,2816,0.65,87
2014,7644,15467,0.49,88
2014,10075,16540,0.61,89
2014,6470,10522,0.61,90
2014,1611,3327,0.48,91
2014,5730,9901,0.58,92
2014,13187,20753,0.64,93
2014,60569,81325,0.74,94
2014,86055,98791,0.87,95
2014,66506,89001,0.75,96
2014,24367,29731,0.82,97
2014,2100,4885,0.43,98
2014,3122,3309,0.94,99
2014,3635,10212,0.36,100
2014,2290,4430,0.52,101
2014,11492,14996,0.77,102
2014,2005,2744,0.73,103
2014,4823,16736,0.29,104
2014,6132,6566,0.93,105
,,,,
,,,,
