DATE,COE,GVA,OUTPUT,IC,D29-D39,INDUSTRY
1997,2598,8697,20233,11536,-62,1
1997,156,267,612,345,4,2
1997,52,418,877,459,10,3
1997,530,1124,1971,847,33,4
1997,1216,13653,18622,4969,48,5
1997,922,1685,3724,2039,52,6
1997,142,1559,2137,578,11,7
1997,1999,2618,10059,7441,40,8
1997,1275,1852,5628,3776,23,9
1997,103,283,1427,1144,3,10
1997,1091,1696,7043,5347,18,11
1997,425,671,4899,4228,12,12
1997,2062,2793,6566,3773,49,13
1997,2593,4462,12093,7631,40,14
1997,662,1071,4428,3357,16,15
1997,1439,4242,9612,5370,58,16
1997,210,842,2753,1911,10,17
1997,2877,4062,9843,5781,63,18
1997,2271,3618,7550,3932,54,19
1997,478,777,1679,902,13,20
1997,1335,2083,5358,3275,60,21
1997,2671,4189,11180,6991,79,22
1997,3292,5653,11808,6155,120,23
1997,1468,2152,10629,8477,47,24
1997,694,1134,3064,1930,22,25
1997,1011,1790,5879,4089,30,26
1997,1078,1854,4895,3041,46,27
1997,643,1159,3176,2017,37,28
1997,2065,4086,12251,8165,70,29
1997,526,867,2216,1349,15,30
1997,2119,6337,11995,5658,32,31
1997,4552,7976,19136,11160,139,32
1997,1213,2117,4865,2748,47,33
1997,2040,3090,6382,3292,70,34
1997,1908,2807,9790,6983,72,35
1997,1662,2503,8458,5955,56,36
1997,345,718,1897,1179,8,37
1997,8216,11307,24201,12894,203,38
1997,6027,10742,30786,20044,137,39
1997,3629,5482,13233,7751,80,40
1997,7057,11092,28103,17011,171,41
1997,7206,9445,34017,24572,129,42
1997,716,907,2496,1589,13,43
1997,2794,5118,11992,6874,35,44
1997,262,449,1293,844,6,45
1997,1978,2971,6770,3799,63,46
1997,1761,2971,6910,3939,61,47
1997,217,253,713,460,4,48
1997,588,578,2248,1670,7,49
1997,2215,3811,9160,5349,46,50
1997,2747,9887,28864,18977,658,51
1997,1463,3114,11600,8486,24,52
1997,701,2877,4129,1252,202,53
1997,543,2757,4000,1243,38,54
1997,280,2395,7899,5504,145,55
1997,25,22,69,47,2,56
1997,21551,44926,108691,63765,467,57
1997,7513,13249,25688,12439,665,58
1997,19586,37447,75520,38073,1131,59
1997,23566,48415,71575,23160,2875,60
1997,1952,2083,6451,4368,23,61
1997,10085,15026,28389,13363,457,62
1997,1450,1957,5504,3547,13,63
1997,2375,5263,12265,7002,0,64
1997,6767,9741,21780,12039,447,65
1997,4944,6420,9845,3425,113,66
1997,3463,5430,11772,6342,264,67
1997,9696,15240,33399,18159,596,68
1997,5132,9460,18800,9340,90,69
1997,3019,7770,13002,5232,77,70
1997,7241,13451,24148,10697,150,71
1997,7760,10845,17400,6555,154,72
1997,967,1706,2865,1159,31,73
1997,16664,29663,64105,34442,689,74
1997,4966,15219,33958,18739,263,75
1997,4623,6248,12478,6230,123,76
1997,5320,15511,24564,9053,-589,77
1997,0,98453,109210,10757,0,78
1997,1438,2640,3567,927,73,79
1997,3607,7877,11614,3737,195,80
1997,3484,6723,8785,2062,119,81
1997,3081,5265,9793,4528,113,82
1997,7872,12679,20195,7516,200,83
1997,2131,5759,7408,1649,36,84
1997,1717,4055,6054,1999,114,85
1997,2187,3103,5966,2863,89,86
1997,742,922,1588,666,10,87
1997,3849,7066,12244,5178,246,88
1997,4028,6450,12446,5996,54,89
1997,2884,3941,9328,5387,68,90
1997,659,1180,2141,961,14,91
1997,1872,3714,7101,3387,35,92
1997,4261,6285,12255,5970,172,93
1997,34104,43267,70073,26806,0,94
1997,37865,43377,56338,12961,159,95
1997,25206,34853,48046,13193,42,96
1997,10063,14733,22190,7457,62,97
1997,740,1620,4273,2653,40,98
1997,1393,1477,2346,869,6,99
1997,1128,5347,7294,1947,112,100
1997,681,1863,6286,4423,91,101
1997,4584,5335,7073,1738,4,102
1997,530,981,2011,1030,21,103
1997,1489,6823,11356,4533,158,104
1997,3100,3405,3405,0,0,105
1998,2737,9054,18591,10416,-98,1
1998,165,315,657,363,4,2
1998,53,489,894,496,9,3
1998,440,399,1613,391,34,4
1998,1403,26528,16619,4815,33,5
1998,1007,2524,3609,2496,53,6
1998,161,2669,1854,529,9,7
1998,2026,2866,8994,6204,26,8
1998,1222,2639,5122,3489,25,9
1998,114,267,1279,1065,2,10
1998,1054,827,7058,5330,20,11
1998,503,1016,4648,3918,12,12
1998,2141,3764,6649,3760,48,13
1998,2639,5166,11635,7500,45,14
1998,631,635,3747,2857,15,15
1998,1453,4293,9396,4912,64,16
1998,241,1287,2913,2027,17,17
1998,2958,2421,8898,5262,71,18
1998,2336,1659,6718,3694,62,19
1998,476,627,1422,742,12,20
1998,1422,2122,5193,2996,63,21
1998,2708,3558,10753,6933,86,22
1998,3618,5032,12310,6426,137,23
1998,1524,4207,9206,6837,42,24
1998,729,1303,2642,1651,18,25
1998,1067,1945,5652,3747,27,26
1998,1126,1043,5120,3324,24,27
1998,645,766,2793,1939,41,28
1998,2092,1667,11681,8099,72,29
1998,509,562,2241,1276,13,30
1998,2365,14059,12114,5683,33,31
1998,5267,7237,18397,10341,146,32
1998,1382,1877,4847,2718,45,33
1998,2046,2411,6069,3163,66,34
1998,2061,1582,9801,6964,71,35
1998,1711,1501,8215,5857,53,36
1998,384,1385,1906,1148,7,37
1998,9385,11557,24893,12653,274,38
1998,6581,7379,29471,19044,128,39
1998,3765,4648,12821,7471,106,40
1998,7633,10995,28510,17266,179,41
1998,7630,8223,35043,26041,138,42
1998,872,1301,2458,1179,18,43
1998,2816,7406,12939,8040,36,44
1998,297,1301,1846,1482,7,45
1998,2205,3120,7354,4224,70,46
1998,1878,4644,6585,3629,69,47
1998,267,471,651,343,6,48
1998,667,1472,2667,1878,8,49
1998,2458,3524,9600,5523,51,50
1998,2921,9032,29629,20301,674,51
1998,1509,4945,11281,7893,213,52
1998,713,4456,4182,1343,185,53
1998,635,4842,4210,1393,35,54
1998,723,8450,8919,5963,127,55
1998,29,85,103,52,1,56
1998,22875,85173,117200,68538,336,57
1998,8020,27247,27857,14002,663,58
1998,22059,51990,83599,43826,1019,59
1998,25453,80466,76671,26182,2916,60
1998,1858,4064,6375,4096,25,61
1998,11047,21895,30546,14641,531,62
1998,1331,5070,5130,3315,11,63
1998,2679,6615,13016,7783,0,64
1998,7441,14247,24313,13734,428,65
1998,5475,10524,10439,3705,185,66
1998,3820,8982,12859,6860,287,67
1998,10707,27747,36153,19284,681,68
1998,5718,10807,19827,10002,99,69
1998,3084,12658,13700,5630,72,70
1998,8218,25436,28004,12669,152,71
1998,10363,37480,23631,9554,162,72
1998,1230,4855,3288,1252,37,73
1998,18064,72290,69257,38730,756,74
1998,5187,22320,33867,19231,274,75
1998,4962,19518,13391,6921,127,76
1998,5386,39602,28790,11701,-684,77
1998,0,127682,112507,11543,0,78
1998,1560,7906,3907,984,90,79
1998,4205,19428,12759,4099,172,80
1998,3901,15092,9856,2476,94,81
1998,3523,16256,11182,5088,184,82
1998,8686,22249,21722,8334,264,83
1998,2254,8479,8079,1925,34,84
1998,2106,8365,6930,2538,69,85
1998,2542,7892,6803,3228,75,86
1998,766,2309,1683,604,21,87
1998,4735,13357,13803,5861,254,88
1998,4789,14361,14838,7294,90,89
1998,3173,8396,10302,6066,69,90
1998,790,3050,2561,1211,14,91
1998,2117,8295,7691,3667,45,92
1998,5034,16465,14161,6976,139,93
1998,33997,79249,71337,28156,0,94
1998,40214,96249,58397,13053,130,95
1998,26394,84156,50854,14203,27,96
1998,10949,27409,23634,8018,45,97
1998,845,4222,4353,2647,28,98
1998,1414,2769,2674,1172,8,99
1998,1303,9268,7816,1994,130,100
1998,838,3990,7023,4870,87,101
1998,4751,13112,7769,1930,82,102
1998,646,2295,2263,1219,31,103
1998,1683,15367,12172,4971,183,104
1998,3289,5868,3599,0,0,105
1999,2751,7943,18036,10093,-184,1
1999,162,276,680,404,4,2
1999,57,404,878,474,15,3
1999,344,463,1210,747,27,4
1999,1404,13348,18461,5113,52,5
1999,1027,772,3447,2675,56,6
1999,155,1241,1839,598,12,7
1999,2050,2650,9220,6570,26,8
1999,1275,1860,5253,3393,19,9
1999,122,173,1144,971,3,10
1999,1055,1506,6744,5238,20,11
1999,537,702,4478,3776,12,12
1999,2142,2727,6699,3972,48,13
1999,2784,4465,11836,7371,48,14
1999,633,904,3399,2495,14,15
1999,1530,4438,9135,4697,60,16
1999,263,853,2903,2050,18,17
1999,2715,3115,8124,5009,73,18
1999,2096,2418,5400,2982,55,19
1999,476,605,1259,654,10,20
1999,1397,2080,5247,3167,57,21
1999,2800,3746,10404,6658,83,22
1999,3938,5841,12593,6752,106,23
1999,1619,2554,10730,8176,44,24
1999,767,915,2747,1832,17,25
1999,1126,2010,5403,3393,22,26
1999,1113,1975,4769,2794,26,27
1999,663,1059,3165,2106,23,28
1999,2311,3622,12293,8671,60,29
1999,503,904,2163,1259,13,30
1999,2432,6943,12322,5379,32,31
1999,5474,7711,18071,10360,146,32
1999,1376,1994,5091,3097,54,33
1999,2047,2688,6075,3387,71,34
1999,1912,2305,8339,6034,75,35
1999,1666,2005,7222,5217,41,36
1999,397,455,1270,815,8,37
1999,9472,11559,24628,13069,220,38
1999,6671,10070,30253,20183,132,39
1999,3774,5417,12847,7430,99,40
1999,7632,10194,26148,15954,166,41
1999,7076,7886,32849,24963,135,42
1999,902,1052,2231,1179,12,43
1999,3025,5721,13947,8226,36,44
1999,307,448,2064,1616,7,45
1999,2238,3145,7337,4192,57,46
1999,1920,2922,6637,3715,57,47
1999,284,292,626,334,4,48
1999,722,1206,3091,1885,8,49
1999,2589,4614,10524,5910,51,50
1999,2737,9336,32111,22775,729,51
1999,1448,3111,10540,7429,238,52
1999,759,2981,4298,1317,197,53
1999,689,2749,4161,1412,39,54
1999,980,3386,9807,6421,148,55
1999,31,23,79,56,2,56
1999,24558,50362,123422,73060,589,57
1999,9276,14823,29261,14438,712,58
1999,24406,40063,88009,47946,1140,59
1999,27332,53956,82821,28865,3119,60
1999,2084,2377,6615,4238,-87,61
1999,11531,16469,31536,15067,511,62
1999,1264,1675,5067,3392,15,63
1999,2911,5123,13334,8211,0,64
1999,7588,11168,25671,14503,542,65
1999,5804,7112,10747,3635,195,66
1999,4159,6500,13560,7060,294,67
1999,11640,18080,38051,19971,796,68
1999,6262,10451,21048,10597,83,69
1999,3450,8613,14490,5877,88,70
1999,8880,16924,30197,13273,181,71
1999,12127,16345,28110,11765,208,72
1999,1430,2278,3700,1422,49,73
1999,21484,29449,74993,45544,758,74
1999,5226,12657,33024,20367,285,75
1999,5656,7264,14692,7428,134,76
1999,5443,17799,29886,12087,-407,77
1999,0,106178,118191,12013,0,78
1999,1631,3171,4183,1012,100,79
1999,4705,9319,13850,4531,164,80
1999,4244,7740,10492,2752,93,81
1999,4066,6817,12822,6005,153,82
1999,9275,13873,22714,8841,190,83
1999,2362,6271,8438,2167,40,84
1999,2625,4960,8011,3051,84,85
1999,2905,4071,7755,3684,69,86
1999,816,1131,1822,691,14,87
1999,5143,8637,14671,6034,273,88
1999,5488,8611,16617,8006,83,89
1999,3231,4383,10904,6521,62,90
1999,904,1534,2907,1373,9,91
1999,2327,4314,8173,3859,52,92
1999,5765,8264,16383,8119,108,93
1999,36298,45507,76584,31077,0,94
1999,43080,48653,61795,13142,134,95
1999,27909,38424,53217,14793,30,96
1999,11742,16677,25669,8992,51,97
1999,951,1940,4629,2689,49,98
1999,1438,1510,2899,1389,7,99
1999,1508,6295,8395,2100,121,100
1999,982,2368,7566,5198,114,101
1999,4989,6316,8481,2165,74,102
1999,739,1173,2518,1345,34,103
1999,1809,7613,13064,5451,161,104
1999,3468,3785,3785,0,0,105
2000,2785,7749,17354,9605,-200,1
2000,162,265,671,406,4,2
2000,63,398,954,556,12,3
2000,337,420,1276,856,23,4
2000,1626,20248,26070,5822,68,5
2000,1147,1596,4431,2835,60,6
2000,182,1973,2663,690,9,7
2000,2145,2744,9765,7021,27,8
2000,1315,1933,5588,3655,22,9
2000,148,202,1195,993,3,10
2000,1057,1398,6255,4857,19,11
2000,556,719,4578,3859,12,12
2000,2240,2717,6740,4023,46,13
2000,2981,4808,12028,7220,49,14
2000,591,822,3425,2603,14,15
2000,1493,4413,9165,4752,63,16
2000,284,898,3022,2124,23,17
2000,2614,3071,7645,4574,64,18
2000,1940,2408,5391,2983,51,19
2000,429,614,1218,604,7,20
2000,1449,2133,5523,3390,60,21
2000,2777,3601,10726,7125,82,22
2000,4150,6480,13455,6975,110,23
2000,1579,1825,13756,11931,41,24
2000,787,935,2941,2006,19,25
2000,1150,2054,5203,3149,28,26
2000,1170,1869,4628,2759,24,27
2000,656,968,3144,2176,22,28
2000,2278,3308,12081,8773,68,29
2000,490,820,2102,1282,11,30
2000,2607,6937,12690,5753,36,31
2000,5700,7476,17702,10226,156,32
2000,1431,2081,5323,3242,47,33
2000,2123,2825,6054,3229,74,34
2000,1837,2249,8311,6062,79,35
2000,1603,2004,7507,5503,52,36
2000,401,699,1673,974,6,37
2000,9442,11730,23851,12121,218,38
2000,6791,10139,32106,21967,148,39
2000,3868,5325,12472,7147,85,40
2000,7720,10520,27555,17035,170,41
2000,7133,9429,33598,24169,148,42
2000,866,1049,2145,1096,13,43
2000,3212,5727,14277,8550,39,44
2000,349,542,1983,1441,7,45
2000,2294,3164,7453,4289,68,46
2000,1953,2926,6773,3847,60,47
2000,266,353,675,322,4,48
2000,778,1337,3283,1946,9,49
2000,2768,4899,12510,7611,53,50
2000,2601,9223,34220,24997,783,51
2000,1429,3059,11177,8118,233,52
2000,736,2952,4334,1382,228,53
2000,740,2700,4130,1430,42,54
2000,1176,3587,10535,6948,151,55
2000,33,24,82,58,2,56
2000,27542,57478,134074,76596,674,57
2000,9808,14557,29379,14822,654,58
2000,26825,40034,89609,49575,1237,59
2000,29038,55821,87445,31624,3341,60
2000,2136,2439,6832,4393,-103,61
2000,12088,16732,33507,16775,466,62
2000,1286,1614,4926,3312,13,63
2000,3136,5473,14328,8855,0,64
2000,7897,11570,27266,15696,513,65
2000,6216,7340,11398,4058,192,66
2000,4599,6908,14475,7567,345,67
2000,12889,19041,40446,21405,878,68
2000,6642,11000,22054,11054,92,69
2000,3760,9115,15217,6102,134,70
2000,9883,19460,34575,15115,216,71
2000,14041,18533,31299,12766,204,72
2000,1647,2555,4093,1538,44,73
2000,24464,29982,78237,48255,763,74
2000,4958,11557,33428,21871,309,75
2000,6694,8186,16339,8153,145,76
2000,5366,17977,31941,13964,-286,77
2000,0,111389,122956,11567,0,78
2000,1734,3484,4497,1013,78,79
2000,5274,10118,15140,5022,213,80
2000,4923,8699,11843,3144,108,81
2000,4687,7364,14177,6813,173,82
2000,10108,14580,23682,9102,196,83
2000,2495,6193,8575,2382,39,84
2000,3151,5360,9002,3642,107,85
2000,3392,4806,8739,3933,94,86
2000,867,1233,1900,667,16,87
2000,5439,8807,15328,6521,218,88
2000,6554,10107,18709,8602,243,89
2000,3403,4521,11490,6969,74,90
2000,1078,1782,3266,1484,15,91
2000,2601,4618,8617,3999,43,92
2000,6852,9990,18591,8601,180,93
2000,38011,47694,82787,35093,0,94
2000,46118,52091,65605,13514,140,95
2000,29969,41397,56519,15122,37,96
2000,12607,17444,27061,9617,60,97
2000,1072,2027,4835,2808,41,98
2000,1456,1627,3088,1461,7,99
2000,1784,6485,8995,2510,146,100
2000,1179,2583,7822,5239,146,101
2000,5090,6695,9247,2552,79,102
2000,848,1256,2994,1738,35,103
2000,2003,8285,13964,5679,193,104
2000,3662,3994,3994,0,0,105
2001,2792,7666,16479,8813,-521,1
2001,173,320,726,406,3,2
2001,64,340,969,629,10,3
2001,313,692,1332,640,15,4
2001,1683,18526,24489,5963,107,5
2001,1120,1890,4763,2873,59,6
2001,189,1814,2511,697,28,7
2001,2144,2802,9782,6980,28,8
2001,1324,1966,5720,3754,23,9
2001,326,469,1793,1324,5,10
2001,1059,1377,5760,4383,15,11
2001,594,774,4608,3834,12,12
2001,2254,2675,6592,3917,50,13
2001,3074,4871,12429,7558,52,14
2001,581,796,3417,2621,12,15
2001,1463,4012,8837,4825,69,16
2001,302,951,3214,2263,23,17
2001,2513,2949,7164,4215,66,18
2001,1685,2179,4700,2521,39,19
2001,370,487,1066,579,8,20
2001,1485,2133,5795,3662,54,21
2001,2702,3453,10280,6827,75,22
2001,4208,6491,13317,6826,150,23
2001,1549,1650,13086,11436,39,24
2001,793,1017,3035,2018,22,25
2001,1192,2143,5447,3304,24,26
2001,1108,1658,4665,3007,25,27
2001,633,1091,3441,2350,24,28
2001,2187,3465,12904,9439,60,29
2001,493,834,2183,1349,14,30
2001,3105,8433,14450,6017,43,31
2001,5794,7332,17838,10506,168,32
2001,1421,2212,5338,3126,39,33
2001,2095,2906,6064,3158,71,34
2001,1756,2011,7938,5927,65,35
2001,1523,1860,6905,5045,55,36
2001,357,449,1545,1096,7,37
2001,9353,11311,23761,12450,224,38
2001,7216,8046,29547,21501,143,39
2001,3769,5303,12993,7690,88,40
2001,7652,9887,25978,16091,174,41
2001,6981,8484,33559,25075,141,42
2001,746,675,2030,1355,16,43
2001,3442,6197,14528,8331,40,44
2001,397,542,2271,1729,7,45
2001,2357,3176,7548,4372,72,46
2001,2099,3206,7226,4020,72,47
2001,236,238,670,432,4,48
2001,829,1222,3474,2252,9,49
2001,2685,3356,10033,6677,51,50
2001,2560,8387,32245,23858,727,51
2001,1434,3328,11557,8229,277,52
2001,775,3264,4665,1401,216,53
2001,807,2900,4634,1734,42,54
2001,1331,3785,11209,7424,153,55
2001,36,27,87,60,2,56
2001,29335,59424,142256,82832,559,57
2001,10776,17242,31564,14322,614,58
2001,28873,44220,96700,52480,1337,59
2001,31460,59530,93800,34270,3551,60
2001,2294,2691,7246,4555,-112,61
2001,12655,17120,34850,17730,344,62
2001,1408,1688,5437,3749,11,63
2001,3057,5034,13687,8653,0,64
2001,8155,11979,28506,16527,479,65
2001,6973,7598,12021,4423,192,66
2001,4943,7360,14979,7619,407,67
2001,13852,20140,42529,22389,892,68
2001,6788,11005,21923,10918,81,69
2001,4294,9865,16795,6930,73,70
2001,11303,19304,35293,15989,270,71
2001,16223,20163,34716,14553,258,72
2001,1876,2764,4503,1739,47,73
2001,25344,30258,79738,49480,859,74
2001,4525,12555,41671,29116,317,75
2001,7345,8882,17520,8638,150,76
2001,5580,18852,33640,14788,-185,77
2001,0,114527,127535,13008,0,78
2001,1850,3809,4924,1115,112,79
2001,6369,11462,17169,5707,225,80
2001,5702,9549,13055,3506,117,81
2001,5353,8349,16193,7844,170,82
2001,11015,15121,25234,10113,203,83
2001,2605,6298,8301,2003,72,84
2001,3719,6182,10466,4284,97,85
2001,3707,4964,9000,4036,70,86
2001,957,1313,2024,711,15,87
2001,5885,9514,16543,7029,185,88
2001,7152,10607,19687,9080,83,89
2001,3533,4625,12130,7505,86,90
2001,1181,1892,3457,1565,11,91
2001,2800,4886,9001,4115,48,92
2001,7479,10323,18997,8674,153,93
2001,40133,50230,88551,38321,0,94
2001,50112,56448,71523,15075,134,95
2001,33056,45385,61183,15798,36,96
2001,14360,18571,28874,10303,41,97
2001,1177,2057,5124,3067,31,98
2001,1503,1737,3276,1539,11,99
2001,1915,6570,9459,2889,160,100
2001,1348,2678,8531,5853,134,101
2001,5660,7345,10183,2838,76,102
2001,900,1169,2739,1570,29,103
2001,2236,8846,14800,5954,209,104
2001,3855,4212,4212,0,0,105
2002,2572,7795,16983,9188,-396,1
2002,175,295,733,438,2,2
2002,67,377,1000,623,11,3
2002,319,499,1062,563,17,4
2002,1523,17839,23447,5608,62,5
2002,1006,2007,4764,2757,46,6
2002,172,1946,2610,664,12,7
2002,2230,2810,10244,7434,27,8
2002,1336,1876,5643,3767,20,9
2002,318,513,1970,1457,3,10
2002,1136,1502,5767,4265,17,11
2002,668,865,4963,4098,12,12
2002,2292,2806,6790,3984,51,13
2002,3230,5221,12836,7615,65,14
2002,567,809,3603,2794,9,15
2002,1570,4020,8624,4604,61,16
2002,291,891,3104,2213,13,17
2002,2164,2608,6794,4186,64,18
2002,1243,1728,4421,2693,32,19
2002,317,461,1004,543,8,20
2002,1520,2341,6191,3850,59,21
2002,2691,3625,10551,6926,72,22
2002,4183,6675,13529,6854,183,23
2002,1575,1965,13264,11299,30,24
2002,786,990,3049,2059,18,25
2002,1105,2113,5393,3280,26,26
2002,1154,1613,4474,2861,23,27
2002,641,1156,3506,2350,26,28
2002,2269,3708,13187,9479,64,29
2002,405,818,2249,1431,16,30
2002,2948,8362,15793,7431,74,31
2002,5676,7533,17910,10377,160,32
2002,1531,2331,5491,3160,60,33
2002,2076,3010,6227,3217,69,34
2002,1501,1699,7279,5580,64,35
2002,1419,1637,6801,5164,55,36
2002,362,386,1401,1015,4,37
2002,9379,11331,23765,12434,249,38
2002,6591,6970,26093,19123,131,39
2002,3556,4784,12579,7795,92,40
2002,7456,9656,24980,15324,170,41
2002,7089,8054,35133,27079,149,42
2002,728,902,1993,1091,11,43
2002,3458,5940,13057,7117,34,44
2002,464,571,2274,1703,6,45
2002,2294,3169,7614,4445,78,46
2002,1928,3146,7335,4189,58,47
2002,223,259,522,263,2,48
2002,826,1107,2705,1598,5,49
2002,2496,3133,8381,5248,49,50
2002,2662,9383,32049,22666,731,51
2002,1503,3375,11617,8242,259,52
2002,619,3103,4452,1349,209,53
2002,834,3076,4903,1827,48,54
2002,1776,4515,12653,8138,179,55
2002,38,30,94,64,2,56
2002,31170,67978,157672,89694,625,57
2002,11724,17062,32956,15894,596,58
2002,28704,42197,93594,51397,1155,59
2002,33138,62532,99188,36656,3767,60
2002,2504,2816,7707,4891,-201,61
2002,12304,17583,35382,17799,341,62
2002,1622,1942,5823,3881,22,63
2002,3136,5231,13092,7861,0,64
2002,9072,12423,29607,17184,512,65
2002,7271,8204,13418,5214,203,66
2002,5175,7784,15801,8017,432,67
2002,14497,21413,45362,23949,1049,68
2002,6771,11090,21878,10788,82,69
2002,4513,10508,18366,7858,-1,70
2002,11612,20720,37371,16651,516,71
2002,17020,22110,37553,15443,241,72
2002,1971,3087,4953,1866,40,73
2002,23922,36667,84108,47441,884,74
2002,4131,9772,43542,33770,335,75
2002,7603,9624,19296,9672,157,76
2002,5417,19526,35240,15714,-121,77
2002,0,116065,130801,14736,0,78
2002,1903,4239,5499,1260,129,79
2002,6826,12402,18743,6341,237,80
2002,5832,9819,13501,3682,113,81
2002,5759,9060,17380,8320,141,82
2002,11685,16571,27642,11071,197,83
2002,2910,7009,9666,2657,72,84
2002,3827,6941,11618,4677,132,85
2002,3864,5542,9776,4234,69,86
2002,1043,1444,2167,723,9,87
2002,5855,10013,17219,7206,199,88
2002,7420,11143,20453,9310,98,89
2002,3880,5055,12787,7732,107,90
2002,1218,1970,3594,1624,14,91
2002,2901,5207,9550,4343,43,92
2002,7775,10466,19621,9155,159,93
2002,42378,52984,95718,42734,0,94
2002,53980,61338,79069,17731,172,95
2002,36167,49857,66208,16351,35,96
2002,15532,20078,32053,11975,65,97
2002,1248,2135,5503,3368,18,98
2002,1571,1841,3586,1745,7,99
2002,2055,7425,11140,3715,154,100
2002,1465,3020,9546,6526,174,101
2002,6226,8120,11164,3044,78,102
2002,898,1156,2600,1444,33,103
2002,2357,9383,15590,6207,219,104
2002,4082,4469,4469,0,0,105
2003,2659,8789,18111,9322,-400,1
2003,174,318,781,463,5,2
2003,71,355,988,633,9,3
2003,259,400,862,462,14,4
2003,1448,17800,23643,5843,44,5
2003,1021,1897,4929,3032,49,6
2003,169,1908,2584,676,4,7
2003,2327,3118,10987,7869,29,8
2003,1447,2258,6212,3954,21,9
2003,228,773,1685,912,-1,10
2003,1223,2014,6586,4572,13,11
2003,717,858,5041,4183,19,12
2003,2394,3215,7318,4103,51,13
2003,3381,5660,13374,7714,54,14
2003,531,995,3373,2378,8,15
2003,1591,4144,9077,4933,49,16
2003,316,808,3138,2330,10,17
2003,1973,2303,6146,3843,54,18
2003,1196,2029,4599,2570,39,19
2003,234,322,767,445,1,20
2003,1617,2426,6274,3848,63,21
2003,2619,3162,9435,6273,74,22
2003,4203,5971,12755,6784,130,23
2003,1698,1247,13302,12055,22,24
2003,790,1203,3103,1900,12,25
2003,1169,2250,5565,3315,21,26
2003,1179,2010,4983,2973,25,27
2003,637,811,3181,2370,16,28
2003,2280,4185,13862,9677,56,29
2003,504,1067,2474,1407,10,30
2003,3394,9801,17388,7587,40,31
2003,5763,7239,18024,10785,154,32
2003,1642,2701,6087,3386,53,33
2003,2135,2421,5667,3246,60,34
2003,1460,1987,7572,5585,55,35
2003,1358,1160,6332,5172,50,36
2003,389,-113,952,1065,1,37
2003,9457,11439,23962,12523,238,38
2003,5990,4839,20613,15774,116,39
2003,3445,5062,12148,7086,81,40
2003,7425,7928,22359,14431,143,41
2003,6707,8081,36509,28428,150,42
2003,716,612,1853,1241,12,43
2003,3728,6723,13677,6954,30,44
2003,489,760,2670,1910,3,45
2003,2221,2670,6976,4306,75,46
2003,1966,3044,6951,3907,62,47
2003,229,66,444,378,1,48
2003,837,1452,3102,1650,3,49
2003,2345,3569,8343,4774,44,50
2003,2678,9750,32517,22767,799,51
2003,1553,3547,12269,8722,261,52
2003,668,3137,4494,1357,189,53
2003,890,3327,5084,1757,51,54
2003,2270,5446,14260,8814,194,55
2003,41,137,203,66,2,56
2003,33197,71304,170568,99264,641,57
2003,12419,19267,36509,17242,662,58
2003,29633,44851,97397,52546,1121,59
2003,35133,64679,103849,39170,3847,60
2003,2684,2573,7828,5255,-426,61
2003,12753,18513,37179,18666,352,62
2003,1944,2606,7198,4592,12,63
2003,3161,5776,13996,8220,0,64
2003,9446,13306,31730,18424,577,65
2003,7161,8062,13942,5880,196,66
2003,5428,8375,16489,8114,446,67
2003,15219,22695,47555,24860,1021,68
2003,6850,11238,21735,10497,109,69
2003,4515,11086,19354,8268,5,70
2003,11350,22238,39579,17341,516,71
2003,18750,24607,41470,16863,286,72
2003,2154,3392,5356,1964,33,73
2003,24648,42360,88370,46010,899,74
2003,4204,12739,45094,32355,334,75
2003,7921,10376,20730,10354,155,76
2003,5995,21728,37635,15907,-68,77
2003,0,120564,135461,14897,0,78
2003,1942,4170,5424,1254,109,79
2003,7526,13564,20511,6947,229,80
2003,6055,10155,13753,3598,110,81
2003,6439,10449,18951,8502,138,82
2003,12479,17580,29324,11744,175,83
2003,3188,7098,9793,2695,68,84
2003,3812,7110,11663,4553,79,85
2003,4100,5932,10258,4326,78,86
2003,1135,1564,2301,737,1,87
2003,5976,10599,18163,7564,205,88
2003,7859,12188,21940,9752,74,89
2003,4040,5407,13670,8263,97,90
2003,1288,2125,3779,1654,24,91
2003,3040,5660,10097,4437,44,92
2003,8264,11369,20621,9252,166,93
2003,46249,57839,105454,47615,0,94
2003,57442,65288,84208,18920,148,95
2003,39857,54353,72394,18041,36,96
2003,16208,21510,35727,14217,55,97
2003,1328,2400,5825,3425,24,98
2003,1899,2252,3716,1464,8,99
2003,2217,8033,11956,3923,121,100
2003,1598,3336,10015,6679,194,101
2003,6486,8633,12015,3382,75,102
2003,922,1180,2571,1391,27,103
2003,2491,10044,16528,6484,200,104
2003,4374,4805,4805,0,0,105
2004,2769,9335,19048,9713,-402,1
2004,184,336,832,496,2,2
2004,75,372,1029,657,7,3
2004,196,218,657,439,15,4
2004,1685,18522,24483,5961,105,5
2004,1206,1799,4921,3122,51,6
2004,197,1906,2628,722,7,7
2004,2375,2958,11168,8210,24,8
2004,1574,2056,6032,3976,21,9
2004,212,221,1121,900,-1,10
2004,1137,1394,6154,4760,14,11
2004,825,980,5217,4237,9,12
2004,2594,3126,7246,4120,55,13
2004,3486,5383,13427,8044,57,14
2004,571,815,3039,2224,9,15
2004,1734,3928,8828,4900,51,16
2004,438,928,3296,2368,11,17
2004,1904,2429,6142,3713,51,18
2004,1100,1523,4087,2564,30,19
2004,190,321,776,455,2,20
2004,1724,2668,6631,3963,65,21
2004,2661,3591,9820,6229,75,22
2004,4236,6521,13472,6951,123,23
2004,2107,2613,15920,13307,23,24
2004,861,1197,3117,1920,12,25
2004,1200,2023,5526,3503,21,26
2004,1200,1623,4281,2658,26,27
2004,553,1035,3663,2628,14,28
2004,1848,2939,13356,10417,57,29
2004,437,928,2366,1438,10,30
2004,3298,8233,14777,6544,37,31
2004,5844,7228,18345,11117,146,32
2004,1618,2117,5872,3755,55,33
2004,2087,2821,6327,3506,65,34
2004,1372,1304,7429,6125,55,35
2004,1354,1416,7052,5636,48,36
2004,484,806,2128,1322,3,37
2004,9356,10853,23996,13143,222,38
2004,5512,6410,21363,14953,115,39
2004,3402,4374,11971,7597,71,40
2004,7673,9418,23933,14515,139,41
2004,7003,7632,36701,29069,144,42
2004,772,792,1993,1201,12,43
2004,3721,7528,15782,8254,28,44
2004,507,715,2368,1653,7,45
2004,2151,2882,7242,4360,62,46
2004,1943,3242,7250,4008,63,47
2004,249,229,594,365,0,48
2004,798,1315,3178,1863,3,49
2004,2251,3211,7972,4761,45,50
2004,2791,9116,34376,25260,713,51
2004,1577,3448,12908,9460,272,52
2004,589,2994,4595,1601,199,53
2004,1046,3309,5123,1814,47,54
2004,3126,6203,16006,9803,176,55
2004,47,40,116,76,2,56
2004,34872,74263,183340,109077,679,57
2004,13370,20341,37774,17433,666,58
2004,30344,47891,100099,52208,1184,59
2004,37931,67886,109250,41364,3979,60
2004,2773,2842,8145,5303,-82,61
2004,12912,18355,38487,20132,306,62
2004,2565,3794,9013,5219,32,63
2004,3356,5927,14839,8912,0,64
2004,9389,12612,32039,19427,437,65
2004,7222,8088,13982,5894,207,66
2004,5627,8607,17755,9148,479,67
2004,15775,23764,50504,26740,1187,68
2004,6941,11003,21854,10851,115,69
2004,4556,11286,20110,8824,-19,70
2004,11816,22589,41347,18758,445,71
2004,20947,27996,44193,16197,228,72
2004,2372,3684,5579,1895,35,73
2004,27571,50688,96883,46195,923,74
2004,7874,16728,54640,37912,340,75
2004,8501,11049,22105,11056,158,76
2004,5797,21205,38625,17420,-36,77
2004,0,124053,139405,15352,0,78
2004,2110,4117,5626,1509,112,79
2004,7756,14836,21542,6706,241,80
2004,6047,10647,14329,3682,114,81
2004,7485,11141,19752,8611,94,82
2004,12873,17521,31014,13493,149,83
2004,3296,6613,10008,3395,72,84
2004,4007,7201,11802,4601,66,85
2004,4299,6055,10592,4537,88,86
2004,1208,1686,2256,570,-4,87
2004,5849,11273,18950,7677,188,88
2004,8246,12718,22561,9843,98,89
2004,4075,5332,14157,8825,22,90
2004,1356,2194,3892,1698,15,91
2004,3236,5917,10548,4631,46,92
2004,8657,12008,21311,9303,198,93
2004,49370,61522,115810,54288,0,94
2004,61509,69877,88879,19002,159,95
2004,44078,60359,79339,18980,42,96
2004,16682,22517,38104,15587,44,97
2004,1379,2538,6276,3738,19,98
2004,2045,2446,3931,1485,11,99
2004,2385,8627,11950,3323,144,100
2004,1632,3612,9953,6341,193,101
2004,6901,9172,12929,3757,78,102
2004,980,1281,2581,1300,27,103
2004,2568,10670,17240,6570,202,104
2004,4442,4918,4918,0,0,105
2005,3067,7142,16922,9780,-3232,1
2005,193,337,858,521,2,2
2005,80,439,1103,664,8,3
2005,192,89,496,407,9,4
2005,1842,22115,28853,6738,146,5
2005,1329,2184,6031,3847,62,6
2005,210,2271,3051,780,14,7
2005,2175,2724,11451,8727,27,8
2005,1778,2506,6380,3874,23,9
2005,244,304,1255,951,-1,10
2005,949,1025,6056,5031,11,11
2005,749,1347,5425,4078,10,12
2005,2949,3655,7596,3941,43,13
2005,3460,5351,13620,8269,57,14
2005,697,1091,3387,2296,8,15
2005,1865,4215,9388,5173,46,16
2005,459,1124,3576,2452,17,17
2005,1859,2270,5705,3435,47,18
2005,1101,1432,3809,2377,25,19
2005,184,335,739,404,0,20
2005,1703,2593,6513,3920,65,21
2005,2674,3316,9441,6125,70,22
2005,4344,6554,13343,6789,100,23
2005,1620,2472,18631,16159,20,24
2005,873,1108,3037,1929,12,25
2005,1322,2336,5679,3343,26,26
2005,1232,1558,4432,2874,30,27
2005,572,1250,4108,2858,17,28
2005,1853,3968,17111,13143,65,29
2005,475,950,2359,1409,8,30
2005,3463,8197,15062,6865,38,31
2005,5829,7569,18875,11306,152,32
2005,1649,2453,6255,3802,44,33
2005,2138,2223,5841,3618,65,34
2005,1379,1512,8247,6735,42,35
2005,1350,1285,7631,6346,49,36
2005,561,742,2060,1318,4,37
2005,9547,12388,25504,13116,207,38
2005,5789.05,6892,20344,13452,95,39
2005,3462,4005,11728,7723,72,40
2005,7582,9960,24815,14855,136,41
2005,7148,8062,37785,29723,145,42
2005,751,882,1954,1072,13,43
2005,3402,6366,15143,8777,33,44
2005,554,654,2247,1593,3,45
2005,2214,2700,7068,4368,71,46
2005,1936,4073,7991,3918,55,47
2005,231,437,773,336,2,48
2005,846,1285,3288,2003,4,49
2005,2261,3111,7901,4790,38,50
2005,2855,9030,38963,29933,688,51
2005,1612,3497,15066,11569,256,52
2005,645,3296,4916,1620,189,53
2005,1194,3554,5351,1797,44,54
2005,3242,6808,17378,10570,171,55
2005,54,43,130,87,2,56
2005,37693,82378,190000,107622,669,57
2005,14437,22148,39327,17179,745,58
2005,30607,48345,98212,49867,1317,59
2005,38808,69055,112359,43304,4381,60
2005,2917,2927,8356,5429,30,61
2005,12904,18900,39564,20664,352,62
2005,2762,4147,9843,5696,16,63
2005,3387,6232,15439,9207,0,64
2005,9920,13042,33738,20696,423,65
2005,7464,8355,13912,5557,211,66
2005,5819,8968,18242,9274,525,67
2005,16298,24591,51680,27089,1233,68
2005,7129,11047,21632,10585,126,69
2005,4959,11923,20936,9013,-14,70
2005,11799,22594,42115,19521,543,71
2005,21369,28904,44759,15855,209,72
2005,2429,3648,5608,1960,28,73
2005,30985,56988,105523,48535,934,74
2005,8057,26118,51053,24935,355,75
2005,9207,11300,22088,10788,166,76
2005,5874,22833,39827,16994,-927,77
2005,0,127349,144646,17297,0,78
2005,2262,5225,6627,1402,128,79
2005,7955.05,15527,22234,6707,250,80
2005,6321,11200,14774,3574,93,81
2005,7492,11420,21755,10335,121,82
2005,13929,18309,34161,15852,139,83
2005,3411,7230,10757,3527,76,84
2005,4065,6890,11752,4862,106,85
2005,4537,6476,11122,4646,71,86
2005,1275,1818,2627,809,-8,87
2005,5902,11758,19840,8082,197,88
2005,8563,13133,22891,9758,92,89
2005,4224,5290,14712,9422,12,90
2005,1407,2334,4022,1688,19,91
2005,3411,5987,10593,4606,57,92
2005,9123,12726,22100,9374,172,93
2005,53675,66560,123608,57048,0,94
2005,65795,74640,95642,21002,182,95
2005,46465,64126,85647,21521,51,96
2005,17818,24584,40891,16307,61,97
2005,1433,2634,6525,3891,24,98
2005,2078,2499,4243,1744,17,99
2005,2457,9214,12825,3611,134,100
2005,1700,3868,11005,7137,227,101
2005,7519,9756,13869,4113,69,102
2005,1006,1292,2493,1201,19,103
2005,2799,11274,17884,6610,168,104
2005,4673,5172,5172,0,0,105
2006,3154,7323,17541,10218,-3061,1
2006,191,335,894,559,0,2
2006,93,465,1151,686,9,3
2006,188,213,621,408,6,4
2006,2277,26521,34111,7590,193,5
2006,1592,2135,5938,3803,57,6
2006,241,2227,3222,995,21,7
2006,2446,2810,11843,9033,30,8
2006,1650,2146,6119,3973,21,9
2006,229,273,1265,992,-3,10
2006,892,1197,6442,5245,11,11
2006,823,871,5227,4356,9,12
2006,2999,3520,7727,4207,52,13
2006,3793,5247,13704,8457,57,14
2006,573,884,3442,2558,7,15
2006,2000,4023,9206,5183,43,16
2006,435,1046,3515,2469,11,17
2006,1970,2333,5587,3254,42,18
2006,1183,1595,4102,2507,19,19
2006,237,401,766,365,0,20
2006,1799,2424,6694,4270,55,21
2006,2666,3255,10608,7353,63,22
2006,4479,6663,13567,6904,132,23
2006,1799,2538,21194,18656,19,24
2006,926,1096,3272,2176,15,25
2006,1452,2305,5936,3631,37,26
2006,1323,1688,4570,2882,29,27
2006,601,1386,4620,3234,15,28
2006,1907,3482,17903,14421,60,29
2006,505,903,2425,1522,11,30
2006,3774,9543,16594,7051,39,31
2006,5898,6819,18723,11904,153,32
2006,1699,2190,6538,4348,50,33
2006,2076,2629,6432,3803,70,34
2006,1613,1963,9465,7502,45,35
2006,1365,1742,8932,7190,39,36
2006,658,777,2214,1437,3,37
2006,9991,12198,27266,15068,269,38
2006,5887,6649,20712,14063,87,39
2006,3485,4533,12812,8279,76,40
2006,7956,9769,25927,16158,168,41
2006,7824,8111,39055,30944,144,42
2006,802,873,2271,1398,11,43
2006,3651,7282,16053,8771,36,44
2006,492,682,2439,1757,3,45
2006,2352,3209,7848,4639,73,46
2006,2126,3717,7890,4173,53,47
2006,242,208,609,401,1,48
2006,892,1242,3364,2122,5,49
2006,2434,3320,8192,4872,42,50
2006,3211,11516,46777,35261,660,51
2006,1628,4025,17617,13592,311,52
2006,785,3656,5398,1742,192,53
2006,1318,3709,5535,1826,50,54
2006,3608,6908,18384,11476,194,55
2006,58,15,111,96,2,56
2006,41615,88581,203792,115211,747,57
2006,15829,23328,41249,17921,719,58
2006,32039,50375,103645,53270,1155,59
2006,40939,71425,118819,47394,4613,60
2006,3369,3277,9026,5749,35,61
2006,13235,19607,41604,21997,418,62
2006,2718,3878,9709,5831,15,63
2006,3553,6232,16557,10325,0,64
2006,10599,12423,33591,21168,376,65
2006,7517,8980,15126,6146,172,66
2006,6169,9375,19331,9956,562,67
2006,17276,25322,53187,27865,1246,68
2006,7340,11124,22165,11041,118,69
2006,4987,11388,20804,9416,-52,70
2006,11226,22789,43968,21179,553,71
2006,21748,30877,48402,17525,306,72
2006,2497,4134,6295,2161,43,73
2006,39895,68453,118204,49751,1002,74
2006,8463,20228,77761,57533,373,75
2006,10781,13898,25318,11420,175,76
2006,6524,23715,44012,20297,-1394,77
2006,0,131961,149092,17131,0,78
2006,2557,6008,7937,1929,144,79
2006,8121,17535,24731,7196,299,80
2006,7063,12907,16544,3637,102,81
2006,7959,13355,25854,12499,201,82
2006,14839,19783,37947,18164,195,83
2006,3896,7956,11583,3627,62,84
2006,4412,7896,12634,4738,95,85
2006,4725,7093,12412,5319,90,86
2006,1372,1908,2687,779,2,87
2006,6183,11933,20321,8388,211,88
2006,8906,14470,25325,10855,151,89
2006,4529,6033,15714,9681,4,90
2006,1465,2495,4416,1921,19,91
2006,3627,6503,11894,5391,53,92
2006,9438,13705,24459,10754,184,93
2006,55759,69378,129960,60582,0,94
2006,69344,78950,104413,25463,224,95
2006,49961,69398,94246,24848,43,96
2006,18985,26408,43494,17086,73,97
2006,1516,2699,6764,4065,42,98
2006,2121,2617,4706,2089,13,99
2006,2646,9326,14091,4765,152,100
2006,1828,3967,11494,7527,241,101
2006,7943,10213,14843,4630,69,102
2006,1019,1351,2641,1290,21,103
2006,3046,11669,18613,6944,209,104
2006,4743,5273,5273,0,0,105
2007,3663,7786,19745,11959,-2862,1
2007,195,391,1035,644,2,2
2007,103,481,1239,758,12,3
2007,217,87,598,511,5,4
2007,2856,25784,34804,9020,151,5
2007,1566,2216,5473,3257,42,6
2007,309,2227,3344,1117,7,7
2007,2416,2801,11911,9110,31,8
2007,1681,2164,6207,4043,22,9
2007,222,271,1015,744,-4,10
2007,893,1091,6731,5640,12,11
2007,816,758,5339,4581,8,12
2007,3056,3314,7723,4409,50,13
2007,3971,5305,14174,8869,65,14
2007,420,500,3454,2954,6,15
2007,2051,3834,9291,5457,38,16
2007,445,996,3560,2564,11,17
2007,1890,2317,5476,3159,43,18
2007,1248,1687,4088,2401,19,19
2007,245,442,909,467,-1,20
2007,1901,2676,6746,4070,62,21
2007,2660,3371,10770,7399,57,22
2007,4434,6304,13473,7169,117,23
2007,2282,3095,21093,17998,17,24
2007,866,1123,3257,2134,16,25
2007,1400,2106,6144,4038,21,26
2007,1192,1603,4696,3093,23,27
2007,591,1493,4554,3061,24,28
2007,1832,3128,17839,14711,57,29
2007,482,842,2467,1625,6,30
2007,3595,9959,16729,6770,27,31
2007,5978,7037,19039,12002,154,32
2007,1778,2295,7373,5078,63,33
2007,2148,2872,7057,4185,72,34
2007,1499,2084,10245,8161,46,35
2007,1411,1874,9483,7609,42,36
2007,687,1102,2731,1629,4,37
2007,10240,12546,29210,16664,218,38
2007,5552,6407,19877,13470,88,39
2007,3425,4305,11887,7582,67,40
2007,8039,9711,26823,17112,154,41
2007,7053,7497,40339,32842,124,42
2007,849,959,2601,1642,14,43
2007,3715,6533,16880,10347,30,44
2007,538,555,2675,2120,1,45
2007,2417,3496,7965,4469,74,46
2007,2158,4091,8261,4170,72,47
2007,266,238,709,471,0,48
2007,888,1163,3566,2403,3,49
2007,2472,3497,8336,4839,38,50
2007,3957,12003,50545,38542,616,51
2007,1765,4305,18087,13782,322,52
2007,1074,4215,5950,1735,211,53
2007,1423,4063,6049,1986,57,54
2007,3855,7342,18938,11596,215,55
2007,61,23,118,95,1,56
2007,47302,95081,224257,129176,813,57
2007,16508,24759,45350,20591,737,58
2007,33573,52691,106948,54257,1335,59
2007,43100,74832,125121,50289,4812,60
2007,3443,3415,9165,5750,15,61
2007,14275,20485,43408,22923,447,62
2007,2945,4283,11673,7390,18,63
2007,3790,6508,17739,11231,0,64
2007,11289,12847,34676,21829,437,65
2007,7848,9173,15567,6394,-306,66
2007,6577,9752,19972,10220,536,67
2007,18411,26484,55400,28916,1236,68
2007,7344,11023,22151,11128,122,69
2007,5518,11555,21915,10360,-84,70
2007,12276,24594,45798,21204,602,71
2007,23602,32889,51556,18667,321,72
2007,2715,4306,6712,2406,36,73
2007,43337,74658,128845,54187,1085,74
2007,9853,27985,102846,74861,383,75
2007,13024,15652,28062,12410,180,76
2007,7309,25268,48467,23199,-1242,77
2007,0,137083,153888,16805,0,78
2007,2629,6207,8527,2320,190,79
2007,8973,18849,26598,7749,275,80
2007,7405,13505,17450,3945,105,81
2007,9048,14101,28455,14354,177,82
2007,16090,21325,40836,19511,278,83
2007,4032,8581,12808,4227,59,84
2007,5271,8468,13834,5366,93,85
2007,5052,7267,13138,5871,127,86
2007,1427,2030,2949,919,2,87
2007,6533,12811,21512,8701,260,88
2007,9569,14867,26966,12099,109,89
2007,4826,6423,16465,10042,14,90
2007,1581,2542,4628,2086,30,91
2007,3855,6847,12919,6072,68,92
2007,10130,14449,26021,11572,310,93
2007,56734,70764,134404,63640,0,94
2007,73674,83483,110484,27001,187,95
2007,51780,72682,99791,27109,73,96
2007,19647,27647,46195,18548,73,97
2007,1638,2947,7194,4247,47,98
2007,2165,2547,4557,2010,14,99
2007,2996,9614,14634,5020,110,100
2007,1996,4016,11512,7496,243,101
2007,8359,10603,15669,5066,63,102
2007,1093,1400,2708,1308,16,103
2007,3336,12710,19524,6814,193,104
2007,4842,5361,5361,0,0,105
2008,3682,9037,21158,12121,-2693,1
2008,200,354,1061,707,4,2
2008,120,468,1311,843,11,3
2008,252,433,927,494,6,4
2008,2611,29846,39568,9722,125,5
2008,1573,2399,5387,2988,44,6
2008,281,2889,4165,1276,41,7
2008,2393,2714,12372,9658,23,8
2008,1740,2138,6303,4165,16,9
2008,191,308,948,640,-3,10
2008,847,667,6702,6035,28,11
2008,840,897,4781,3884,9,12
2008,2693,3455,8167,4712,67,13
2008,4152,5308,14184,8876,72,14
2008,382,568,3645,3077,7,15
2008,2002,4161,9791,5630,54,16
2008,436,1033,3623,2590,12,17
2008,1949,2225,5238,3013,47,18
2008,1216,1430,3491,2061,22,19
2008,220,575,1026,451,1,20
2008,1845,2714,6786,4072,70,21
2008,2594,3581,10815,7234,56,22
2008,4361,5733,12803,7070,152,23
2008,2186,2536,26422,23886,22,24
2008,840,1298,3322,2024,21,25
2008,1413,2093,5573,3480,26,26
2008,1049,1386,4746,3360,19,27
2008,577,1050,4497,3447,20,28
2008,1657,2974,18068,15094,57,29
2008,490,825,2407,1582,6,30
2008,4847,12704,19705,7001,25,31
2008,5879,7160,18854,11694,165,32
2008,1758,2382,7527,5145,60,33
2008,2078,2802,6980,4178,62,34
2008,1467,1800,10049,8249,51,35
2008,1216,1801,9710,7909,63,36
2008,686,1602,3010,1408,3,37
2008,10199,12847,28241,15394,284,38
2008,5698,6988,19509,12521,94,39
2008,3494,4887,12480,7593,69,40
2008,8141,10630,27699,17069,171,41
2008,7536,8210,39220,31010,131,42
2008,1015,1095,2741,1646,18,43
2008,4109,5634,15900,10266,35,44
2008,552,516,2292,1776,2,45
2008,2156,3118,7558,4440,68,46
2008,2077,4004,8013,4009,64,47
2008,305,296,794,498,-2,48
2008,990,1222,3844,2622,18,49
2008,2506,3600,8459,4859,101,50
2008,3821,10754,59734,48980,611,51
2008,1806,3938,19046,15108,354,52
2008,1103,4481,6278,1797,313,53
2008,1466,4469,6279,1810,58,54
2008,3762,7182,18815,11633,120,55
2008,73,55,160,105,0,56
2008,46277,89586,224592,135006,918,57
2008,17913,26074,46878,20804,717,58
2008,33996,52934,107731,54797,1526,59
2008,44952,77127,129563,52436,5150,60
2008,3505,3711,9591,5880,27,61
2008,14413,20564,44506,23942,423,62
2008,3225,4495,13653,9158,25,63
2008,4055,6976,18216,11240,0,64
2008,12196,15078,37251,22173,529,65
2008,7635,8905,15974,7069,-87,66
2008,6422,9794,20309,10515,644,67
2008,18528,26650,56535,29885,1346,68
2008,7231,10942,21950,11008,121,69
2008,5701,11956,22894,10938,-14,70
2008,12759,25882,46392,20510,518,71
2008,24280,34370,53241,18871,267,72
2008,2824,4466,7236,2770,18,73
2008,36627,67998,128776,60778,1099,74
2008,8749,22770,84432,61662,489,75
2008,13058,17634,28986,11352,195,76
2008,7846,28856,51018,22162,-1834,77
2008,0,146501,158685,12184,0,78
2008,2636,6348,8001,1653,168,79
2008,8915,18592,26599,8007,302,80
2008,7667,13664,17723,4059,113,81
2008,10060,15736,31348,15612,276,82
2008,16315,21909,42025,20116,235,83
2008,4260,9844,15708,5864,71,84
2008,5179,8556,14660,6104,182,85
2008,4936,6984,13250,6266,105,86
2008,1471,2189,2927,738,3,87
2008,6455,13099,21828,8729,218,88
2008,10029,16633,29505,12872,153,89
2008,5243,6943,17046,10103,2,90
2008,1532,2575,4747,2172,30,91
2008,3969,7571,13742,6171,49,92
2008,10016,14329,28059,13730,191,93
2008,58435,73347,142782,69435,0,94
2008,78511,89205,118522,29317,249,95
2008,53241,74522,106692,32170,69,96
2008,20296,27076,45854,18778,83,97
2008,1674,2929,7463,4534,17,98
2008,2304,2905,4886,1981,11,99
2008,2997,10172,15198,5026,134,100
2008,2162,4219,11520,7301,276,101
2008,8499,11340,16777,5437,81,102
2008,1122,1636,2882,1246,18,103
2008,3482,13330,20255,6925,209,104
2008,5237,5913,5913,0,0,105
2009,3832,7500,21836,14336,-3531,1
2009,207,365,1067,702,5,2
2009,112,472,1099,627,11,3
2009,244,205,755,550,4,4
2009,2510,21466,31668,10202,79,5
2009,1436,2351,4738,2387,43,6
2009,290,3211,5165,1954,21,7
2009,2528,2929,13971,11042,27,8
2009,1827,2349,6483,4134,17,9
2009,188,492,965,473,-6,10
2009,818,895,6876,5981,13,11
2009,848,1171,5207,4036,7,12
2009,2932,3706,8219,4513,53,13
2009,4147,5097,14926,9829,65,14
2009,486,763,3825,3062,11,15
2009,1832,6005,11744,5739,43,16
2009,469,1115,3851,2736,12,17
2009,1675,1922,4901,2979,42,18
2009,1034,902,2567,1665,19,19
2009,206,588,1083,495,-1,20
2009,1558,2036,5754,3718,64,21
2009,2668,3788,11267,7479,68,22
2009,4193,4714,10727,6013,122,23
2009,2509,5854,23845,17991,18,24
2009,785,1174,3123,1949,11,25
2009,1375,1976,5641,3665,17,26
2009,1034,992,5036,4044,16,27
2009,488,839,3188,2349,15,28
2009,1501,2375,17215,14840,41,29
2009,500,330,1987,1657,4,30
2009,4435,13613,21983,8370,27,31
2009,5749,7039,18105,11066,176,32
2009,1655,1814,6828,5014,63,33
2009,1967,2350,6425,4075,73,34
2009,1340,506,7805,7299,51,35
2009,1148,1391,7768,6377,35,36
2009,701,1411,3103,1692,2,37
2009,9149,10241,24728,14487,274,38
2009,5794,7049,18552,11503,81,39
2009,3584,4097,11993,7896,65,40
2009,7757,6694,21668,14974,161,41
2009,6665,5862,33446,27584,136,42
2009,1075,1244,2790,1546,13,43
2009,4027,5629,17226,11597,33,44
2009,538,889,2667,1778,4,45
2009,2052,2869,6841,3972,78,46
2009,2053,4006,7651,3645,59,47
2009,279,422,738,316,-5,48
2009,901,1078,3495,2417,3,49
2009,2334,3421,8034,4613,44,50
2009,3611,17152,58826,41674,676,51
2009,2128,5144,20216,15072,405,52
2009,1123,4283,6213,1930,317,53
2009,1520,4602,6467,1865,60,54
2009,3782,6355,18775,12420,239,55
2009,116,109,207,98,0,56
2009,44801,77097,196020,118923,965,57
2009,17096,22788,42603,19815,822,58
2009,33500,53403,103015,49612,1616,59
2009,44871,76416,133425,57009,5596,60
2009,3625,3690,9712,6022,-25,61
2009,13867,19701,40184,20483,371,62
2009,3320,4233,12631,8398,21,63
2009,3738,6326,16585,10259,-1,64
2009,11988,11898,32550,20652,710,65
2009,8568,10423,17899,7476,245,66
2009,6458,9624,20132,10508,632,67
2009,18103,25294,54372,29078,1435,68
2009,6662,10624,20715,10091,120,69
2009,5511,11835,23574,11739,-140,70
2009,11646,26295,46516,20221,501,71
2009,23494,32318,51306,18988,248,72
2009,2828,4359,6902,2543,13,73
2009,39020,82529,141024,58495,1039,74
2009,7335,23967,74805,50838,519,75
2009,14934,19428,32216,12788,204,76
2009,6844,30157,54381,24224,-1222,77
2009,0,122729,159518,36789,0,78
2009,2606,6949,8555,1606,217,79
2009,8157,18250,26455,8205,303,80
2009,7501,14097,18070,3973,153,81
2009,9919,15200,30718,15518,268,82
2009,16563,21783,40973,19190,362,83
2009,4532,7933,14516,6583,67,84
2009,4984,7435,14379,6944,95,85
2009,5161,6879,13762,6883,91,86
2009,1571,2354,3115,761,-2,87
2009,6665,12770,20486,7716,256,88
2009,10028,15374,24641,9267,104,89
2009,5254,7170,15392,8222,88,90
2009,1451,2618,4803,2185,27,91
2009,3924,7451,14770,7319,28,92
2009,10263,14580,27555,12975,264,93
2009,61292,76702,147121,70419,0,94
2009,82143,92615,124710,32095,215,95
2009,56309,77397,116641,39244,59,96
2009,21179,29895,50599,20704,94,97
2009,1905,3685,7960,4275,51,98
2009,2495,2935,4854,1919,10,99
2009,3051,9097,13783,4686,122,100
2009,2364,4181,11605,7424,322,101
2009,8008,11175,16452,5277,136,102
2009,1326,1804,3374,1570,30,103
2009,3925,14492,20799,6307,310,104
2009,4949,5422,5422,0,0,105
2010,3942,9406,22910,13504,-2622,1
2010,198,344,1100,756,1,2
2010,94,582,1194,612,12,3
2010,238,993,1691,698,4,4
2010,3065,25134,36334,11200,53,5
2010,1460,2128,4660,2532,47,6
2010,287,2134,3889,1755,21,7
2010,2561,2858,13726,10868,27,8
2010,2107,2625,7141,4516,18,9
2010,244,402,911,509,-5,10
2010,814,744,7044,6300,10,11
2010,901,1158,5298,4140,7,12
2010,3175,3751,8314,4563,56,13
2010,4094,5016,14619,9603,59,14
2010,544,691,4399,3708,12,15
2010,1820,4184,9912,5728,51,16
2010,505,1105,3730,2625,10,17
2010,1711,2497,5347,2850,36,18
2010,1087,1580,3172,1592,8,19
2010,215,524,1060,536,-1,20
2010,1559,2281,6519,4238,57,21
2010,2681,3631,11367,7736,79,22
2010,3669,4885,10893,6008,106,23
2010,2532,4446,26139,21693,36,24
2010,814,1277,3318,2041,9,25
2010,1474,2138,5846,3708,18,26
2010,897,1010,5441,4431,19,27
2010,538,845,3632,2787,25,28
2010,1587,3057,18151,15094,45,29
2010,308,452,2233,1781,3,30
2010,4654,14249,23670,9421,26,31
2010,5596,7096,18054,10958,151,32
2010,1563,2029,7133,5104,66,33
2010,1802,2303,6514,4211,62,34
2010,1180,1638,8814,7176,44,35
2010,1115,1279,8548,7269,51,36
2010,755,1384,3135,1751,6,37
2010,9405,10658,25037,14379,259,38
2010,5940,7568,19168,11600,90,39
2010,3549,4517,12476,7959,58,40
2010,7913,9262,24164,14902,146,41
2010,7086,8434,39123,30689,125,42
2010,1198,967,2803,1836,18,43
2010,4284,5062,17576,12514,35,44
2010,681,857,2606,1749,1,45
2010,1944,2911,6876,3965,71,46
2010,2071,4288,8174,3886,70,47
2010,403,528,792,264,-4,48
2010,1018,1656,3671,2015,5,49
2010,2187,3459,7814,4355,36,50
2010,4277,9795,66356,56561,689,51
2010,2034,5513,21398,15885,388,52
2010,1128,4281,6268,1987,402,53
2010,1646,4614,6519,1905,70,54
2010,4158,7806,19676,11870,133,55
2010,106,78,230,152,0,56
2010,45126,80742,202110,121368,1002,57
2010,17617,25775,43944,18169,736,58
2010,33868,53965,107559,53594,1479,59
2010,48211,79978,135643,55665,5872,60
2010,3739,4026,10194,6168,21,61
2010,13653,21459,41796,20337,448,62
2010,3346,4570,13944,9374,10,63
2010,3542,5933,15893,9960,-1,64
2010,11936,13266,33721,20455,698,65
2010,8462,10637,18545,7908,230,66
2010,6142,9085,20056,10971,660,67
2010,18887,25942,55268,29326,1414,68
2010,6913,10973,20991,10018,118,69
2010,5406,12189,25689,13500,-147,70
2010,12180,24738,46910,22172,476,71
2010,23807,33545,53245,19700,326,72
2010,3047,4675,7667,2992,12,73
2010,40307,75941,137398,61457,4652,74
2010,8129,20201,62008,41807,600,75
2010,15064,19531,32845,13314,205,76
2010,7017,34050,60406,26356,-937,77
2010,0,122459,161060,38601,0,78
2010,2851,7630,8890,1260,204,79
2010,8564,18930,26397,7467,326,80
2010,7860,14568,18605,4037,138,81
2010,9584,15457,31296,15839,208,82
2010,16442,22165,41289,19124,366,83
2010,4628,8266,15901,7635,137,84
2010,4620,7280,15331,8051,105,85
2010,5319,7708,14273,6565,98,86
2010,1617,2388,3187,799,7,87
2010,7007,13434,21491,8057,233,88
2010,9380,15171,25235,10064,125,89
2010,5169,7241,14484,7243,69,90
2010,1489,2825,4905,2080,24,91
2010,4052,7958,15845,7887,57,92
2010,10296,15015,29547,14532,222,93
2010,62644,79337,147239,67902,0,94
2010,84527,94817,127733,32916,251,95
2010,59593,81760,121523,39763,106,96
2010,21805,28145,49542,21397,118,97
2010,2019,4229,8148,3919,50,98
2010,2462,2832,4876,2044,8,99
2010,2722,8407,12979,4572,147,100
2010,2451,4173,11572,7399,316,101
2010,11317,12685,17627,4942,101,102
2010,1528,1916,3198,1282,24,103
2010,4807,16335,22061,5726,217,104
2010,5698,6173,6173,0,0,105
2011,4016,9054,23111,14057,-2578,1
2011,190,315,1253,938,3,2
2011,92,489,1442,953,16,3
2011,269,399,1237,838,6,4
2011,3383,26528,39325,12797,26,5
2011,1558,2524,5098,2574,38,6
2011,379,2669,4225,1556,15,7
2011,2613,2866,14219,11353,35,8
2011,2199,2639,7710,5071,23,9
2011,201,267,901,634,-1,10
2011,814,827,7290,6463,8,11
2011,816,1016,5103,4087,3,12
2011,3144,3764,8764,5000,46,13
2011,4307,5166,15512,10346,58,14
2011,490,635,4574,3939,3,15
2011,1935,4293,10207,5914,41,16
2011,510,1287,3866,2579,5,17
2011,1708,2421,5435,3014,37,18
2011,1045,1659,3792,2133,12,19
2011,241,627,1155,528,-1,20
2011,1592,2122,6302,4180,51,21
2011,2650,3558,11200,7642,61,22
2011,3534,5032,11102,6070,107,23
2011,2576,4207,34605,30398,38,24
2011,908,1303,3355,2052,7,25
2011,1200,1945,6128,4183,14,26
2011,898,1043,5332,4289,13,27
2011,517,766,3349,2583,16,28
2011,1725,1667,17416,15749,46,29
2011,393,562,2412,1850,1,30
2011,4711,14059,23110,9051,21,31
2011,5626,7237,18857,11620,143,32
2011,1480,1877,7232,5355,59,33
2011,1660,2411,6415,4004,177,34
2011,1263,1582,9011,7429,51,35
2011,1174,1501,9028,7527,17,36
2011,760,1385,3295,1910,-2,37
2011,9583,11557,25398,13841,242,38
2011,6070,7379,19296,11917,81,39
2011,3570,4648,12334,7686,57,40
2011,8930,10995,27453,16458,157,41
2011,7170,8223,41496,33273,120,42
2011,1292,1301,3360,2059,19,43
2011,4860,7406,22008,14602,37,44
2011,701,1301,3293,1992,0,45
2011,2029,3120,6909,3789,64,46
2011,2184,4644,8515,3871,59,47
2011,395,471,906,435,0,48
2011,1102,1472,3682,2210,4,49
2011,2200,3524,7883,4359,50,50
2011,4241,9032,69587,60555,712,51
2011,2111,4945,22524,17579,360,52
2011,1147,4456,6450,1994,455,53
2011,1675,4842,6740,1898,72,54
2011,4266,8450,20941,12491,97,55
2011,116,85,240,155,0,56
2011,46521,85173,209500,124327,903,57
2011,17396,27247,46725,19478,809,58
2011,33929,51990,106648,54658,1656,59
2011,50081,80466,137508,57042,5968,60
2011,3917,4064,10221,6157,23,61
2011,13826,21895,42370,20475,389,62
2011,3603,5070,14687,9617,23,63
2011,3603,6615,16339,9724,-1,64
2011,12667,14247,34147,19900,757,65
2011,8250,10524,19774,9250,237,66
2011,6190,8982,20219,11237,712,67
2011,19478,27747,57468,29721,1550,68
2011,7108,10807,20781,9974,100,69
2011,6016,12658,25430,12772,-75,70
2011,13186,25436,47981,22545,348,71
2011,24598,37480,57494,20014,413,72
2011,3178,4855,7691,2836,18,73
2011,39191,72290,137169,64879,1423,74
2011,7503,22320,72358,50038,733,75
2011,14328,19518,34007,14489,289,76
2011,7357,39602,66279,26677,-483,77
2011,0,127682,162920,35238,0,78
2011,2717,7906,9298,1392,202,79
2011,8778,19428,27724,8296,421,80
2011,8681,15092,19477,4385,160,81
2011,10220,16256,32387,16131,323,82
2011,16666,22249,42281,20032,370,83
2011,4284,8479,15321,6842,65,84
2011,5097,8365,15952,7587,204,85
2011,5439,7892,14517,6625,127,86
2011,1564,2309,3345,1036,4,87
2011,6959,13357,21578,8221,216,88
2011,8367,14361,25488,11127,147,89
2011,5820,8396,15283,6887,81,90
2011,1482,3050,5044,1994,27,91
2011,3960,8295,16758,8463,59,92
2011,11049,16465,32025,15560,255,93
2011,60963,79249,146207,66958,0,94
2011,85111,96249,128196,31947,240,95
2011,61107,84156,124859,40703,81,96
2011,21644,27409,50969,23560,136,97
2011,2051,4222,9245,5023,39,98
2011,2902,2769,4750,1981,8,99
2011,2810,9268,13350,4082,173,100
2011,2450,3990,11432,7442,174,101
2011,11137,13112,19337,6225,89,102
2011,1794,2295,3499,1204,29,103
2011,4473,15367,21841,6474,251,104
2011,5473,5868,5868,0,0,105
2012,4147,9141,23426,14285,-2174,1
2012,196,326,1201,875,1,2
2012,109,506,1542,1036,13,3
2012,263,359,1122,763,8,4
2012,3717,22151,35699,13548,28,5
2012,1797,3077,5771,2694,39,6
2012,470,2811,4405,1594,22,7
2012,2759,3273,15180,11907,24,8
2012,2170,2691,7983,5292,21,9
2012,166,275,913,638,10,10
2012,788,1064,7631,6567,12,11
2012,861,1117,5255,4138,4,12
2012,3087,3867,9090,5223,53,13
2012,4265,5174,15680,10506,58,14
2012,483,756,5035,4279,3,15
2012,1813,4435,10455,6020,40,16
2012,508,1234,3990,2756,5,17
2012,1799,2596,5553,2957,44,18
2012,1095,1678,3854,2176,13,19
2012,274,570,1148,578,-2,20
2012,1565,2368,6624,4256,59,21
2012,2642,3748,11395,7647,61,22
2012,3501,4962,11130,6168,121,23
2012,2452,3769,34943,31174,44,24
2012,922,1296,3379,2083,13,25
2012,1286,1952,6661,4709,17,26
2012,1002,1410,5589,4179,19,27
2012,459,910,3560,2650,22,28
2012,1641,1734,13576,11842,44,29
2012,429,733,2579,1846,-1,30
2012,4679,13088,22669,9581,24,31
2012,5804,7733,19519,11786,148,32
2012,1483,1915,7229,5314,63,33
2012,1674,2357,6488,4131,59,34
2012,1339,1695,9062,7367,54,35
2012,1082,1452,9225,7773,20,36
2012,810,1939,3888,1949,-1,37
2012,10144,12436,27188,14752,266,38
2012,6121,7916,19981,12065,75,39
2012,3685,4681,13187,8506,63,40
2012,8779,11016,29178,18162,182,41
2012,7627,8589,44967,36378,120,42
2012,1294,1521,3737,2216,14,43
2012,4198,6148,21906,15758,29,44
2012,793,1168,3176,2008,1,45
2012,2154,3232,7157,3925,61,46
2012,2153,4352,8120,3768,50,47
2012,462,531,1185,654,-3,48
2012,1250,1602,3939,2337,3,49
2012,2299,3551,8232,4681,34,50
2012,4329,14591,78021,63430,876,51
2012,2544,5750,23494,17744,360,52
2012,1207,4593,6694,2101,471,53
2012,1768,4815,7178,2363,75,54
2012,4025,8120,20664,12544,123,55
2012,110,76,237,161,2,56
2012,47611,86436,214905,128469,1124,57
2012,18859,26559,47594,21035,788,58
2012,34376,49251,106721,57470,1609,59
2012,51156,84051,142699,58648,6144,60
2012,4195,4401,11084,6683,28,61
2012,13019,21697,43524,21827,400,62
2012,3829,5884,15697,9813,9,63
2012,3461,6422,16966,10544,-1,64
2012,11617,14807,35381,20574,897,65
2012,7987,9567,20536,10969,247,66
2012,6749,10334,21956,11622,771,67
2012,20879,30577,60890,30313,1731,68
2012,7368,11212,20932,9720,109,69
2012,6227,13505,26570,13065,-129,70
2012,14190,25986,49114,23128,392,71
2012,25819,37269,58151,20882,314,72
2012,3144,5062,7972,2910,18,73
2012,38039,66833,130023,63190,1798,74
2012,7530,27106,77425,50319,524,75
2012,13261,18931,32744,13813,211,76
2012,8241,44812,73029,28217,-583,77
2012,0,136205,167346,31141,0,78
2012,3198,8148,9547,1399,255,79
2012,8921,20917,29690,8773,355,80
2012,9117,15713,20418,4705,196,81
2012,10632,15897,32903,17006,298,82
2012,17035,24327,45538,21211,332,83
2012,4316,8713,15164,6451,64,84
2012,5526,9056,16562,7506,188,85
2012,5723,8468,15398,6930,122,86
2012,1706,2543,3691,1148,5,87
2012,7395,13905,22934,9029,249,88
2012,8995,14718,26443,11725,134,89
2012,6314,9399,16520,7121,117,90
2012,1695,3311,5182,1871,42,91
2012,4716,8959,17868,8909,57,92
2012,11903,17696,33886,16190,385,93
2012,60765,80314,146308,65994,0,94
2012,85511,96771,128780,32009,278,95
2012,64487,87031,128766,41735,132,96
2012,22429,27941,55342,27401,165,97
2012,2100,4555,9761,5206,46,98
2012,2988,3204,5222,2018,7,99
2012,3271,9800,14911,5111,181,100
2012,2802,4868,12418,7550,346,101
2012,10728,13743,20374,6631,100,102
2012,1698,2163,3553,1390,26,103
2012,4828,15609,22195,6586,307,104
2012,5668,6050,6050,0,0,105
2013,4478,10341,25279,14938,-2259,1
2013,124,223,1063,840,1,2
2013,134,529,1817,1288,13,3
2013,181,200,887,687,3,4
2013,4004,21861,35695,13834,38,5
2013,1808,2903,5840,2937,70,6
2013,567,2406,4323,1917,25,7
2013,2849,3642,16558,12916,22,8
2013,2199,2817,8470,5653,22,9
2013,123,263,904,641,-6,10
2013,741,1131,8216,7085,17,11
2013,887,1207,5644,4437,7,12
2013,3036,3815,9442,5627,51,13
2013,4384,5912,16729,10817,61,14
2013,483,839,5331,4492,8,15
2013,1966,5075,11369,6294,41,16
2013,549,1263,4315,3052,3,17
2013,1906,2753,5855,3102,30,18
2013,1263,2359,4618,2259,12,19
2013,296,663,1251,588,-1,20
2013,1681,2479,6918,4439,58,21
2013,2895,4204,11575,7371,70,22
2013,3314,4898,11744,6846,106,23
2013,2115,2094,32119,30025,32,24
2013,963,1364,3469,2105,10,25
2013,1354,2147,6948,4801,26,26
2013,1087,1614,5990,4376,22,27
2013,490,1130,3777,2647,30,28
2013,1791,1992,13856,11864,43,29
2013,501,800,2833,2033,1,30
2013,4705,13335,22566,9231,24,31
2013,6094,8208,20587,12379,151,32
2013,1492,1953,7694,5741,55,33
2013,1708,2344,6783,4439,59,34
2013,1230,1643,10123,8480,57,35
2013,1255,1781,9990,8209,15,36
2013,813,1947,4012,2065,-1,37
2013,10865,13506,28309,14803,274,38
2013,6252,8218,20647,12429,88,39
2013,3677,4752,13034,8282,71,40
2013,9160,11509,31071,19562,247,41
2013,8281,11540,45773,34233,120,42
2013,1249,1415,3855,2440,21,43
2013,4371,6731,22391,15660,35,44
2013,771,1218,3291,2073,0,45
2013,2318,3615,7651,4036,80,46
2013,2192,4778,8966,4188,54,47
2013,465,439,1062,623,-4,48
2013,1266,1906,4414,2508,5,49
2013,2613,3899,8564,4665,58,50
2013,4609,16786,84203,67417,837,51
2013,2829,6955,26505,19550,395,52
2013,1315,4995,7177,2182,519,53
2013,1852,4683,7118,2435,99,54
2013,3926,7155,19989,12834,146,55
2013,142,151,267,116,6,56
2013,49339,90810,224425,133615,984,57
2013,19455,28181,49430,21249,770,58
2013,36820,51224,109874,58650,1604,59
2013,52225,87010,147569,60559,6682,60
2013,4237,4613,12205,7592,28,61
2013,13493,22782,46006,23224,520,62
2013,4067,6378,17343,10965,11,63
2013,3425,7237,18487,11250,-1,64
2013,12440,16486,39015,22529,748,65
2013,8053,9947,22107,12160,238,66
2013,7098,11814,23541,11727,786,67
2013,22689,33016,64577,31561,1692,68
2013,7286,11056,21110,10054,111,69
2013,6618,14160,27497,13337,-83,70
2013,14685,27976,53472,25496,321,71
2013,26682,38479,60687,22208,425,72
2013,3666,5331,8378,3047,25,73
2013,40039,68095,133159,65064,1808,74
2013,7412,29815,87141,57326,585,75
2013,14736,20137,34194,14057,216,76
2013,8457,44017,75256,31239,-537,77
2013,0,137153,172636,35483,0,78
2013,3257,8231,10067,1836,290,79
2013,9190,21832,30822,8990,558,80
2013,8997,16358,21464,5106,182,81
2013,12532,18071,35243,17172,383,82
2013,17873,26010,47367,21357,368,83
2013,4265,8375,15334,6959,71,84
2013,5972,10327,17564,7237,130,85
2013,6035,9211,16434,7223,131,86
2013,1763,2661,3950,1289,7,87
2013,7567,14169,23413,9244,216,88
2013,9488,15518,29156,13638,141,89
2013,6472,9823,17357,7534,66,90
2013,1649,3371,5273,1902,21,91
2013,5620,9683,18626,8943,48,92
2013,12989,19243,35607,16364,386,93
2013,60387,80654,145507,64853,0,94
2013,85523,98017,131897,33880,302,95
2013,64477,85304,134343,49039,124,96
2013,23330,28799,56863,28064,202,97
2013,2090,4594,9891,5297,58,98
2013,3121,3414,5413,1999,15,99
2013,3585,9950,15082,5132,184,100
2013,2234,4288,12177,7889,371,101
2013,11298,14421,21591,7170,133,102
2013,1903,2538,3961,1423,47,103
2013,4892,16150,23431,7281,260,104
2013,6005,6438,6438,0,0,105
2014,4417,10211,25463,15252,-2368,1
2014,73,172,1292,1120,2,2
2014,160,615,1986,1371,16,3
2014,142,125,739,614,2,4
2014,3713,18534,32006,13472,46,5
2014,1835,2861,5896,3035,50,6
2014,652,2286,4332,2046,20,7
2014,2943,3700,16747,13047,20,8
2014,2300,3002,8896,5894,22,9
2014,148,301,962,661,-7,10
2014,785,1235,8627,7392,13,11
2014,897,1215,5503,4288,3,12
2014,3095,3815,9269,5454,42,13
2014,4315,6233,17572,11339,54,14
2014,502,889,5600,4711,11,15
2014,1968,5077,11324,6247,47,16
2014,528,1174,4497,3323,4,17
2014,1830,2914,6271,3357,39,18
2014,1298,2502,4790,2288,8,19
2014,254,540,1143,603,-1,20
2014,1602,2581,7404,4823,56,21
2014,2902,4254,11640,7386,69,22
2014,3291,4618,11643,7025,102,23
2014,2073,2054,25158,23104,34,24
2014,997,1412,3700,2288,7,25
2014,1333,2565,7151,4586,16,26
2014,1122,1691,6248,4557,23,27
2014,551,1325,4180,2855,34,28
2014,1694,2020,14231,12211,41,29
2014,521,809,3001,2192,-1,30
2014,4623,12810,21903,9093,24,31
2014,6066,8190,20824,12634,141,32
2014,1431,1931,7975,6044,51,33
2014,1807,2612,7011,4399,61,34
2014,1185,1498,9923,8425,63,35
2014,1323,1841,10095,8254,14,36
2014,807,1957,3970,2013,-1,37
2014,11024,14495,29803,15308,283,38
2014,6386,8630,21232,12602,80,39
2014,3873,4624,12915,8291,62,40
2014,9300,12437,32554,20117,324,41
2014,8959,13626,50471,36845,125,42
2014,1265,1598,4235,2637,21,43
2014,4450,5772,22086,16314,45,44
2014,787,1356,3562,2206,-1,45
2014,2483,4452,8633,4181,75,46
2014,2269,4962,9348,4386,49,47
2014,463,399,964,565,-6,48
2014,1359,1898,4590,2692,2,49
2014,2367,4042,9246,5204,44,50
2014,4740,17821,87717,69896,919,51
2014,2834,6990,24712,17722,405,52
2014,1405,5129,7364,2235,509,53
2014,1897,4712,7216,2504,105,54
2014,4009,6863,20279,13416,161,55
2014,130,144,287,143,2,56
2014,51350,96756,237881,141125,916,57
2014,20320,30157,51793,21636,829,58
2014,37841,56712,115538,58826,1617,59
2014,53587,90641,155222,64581,6671,60
2014,4486,5179,12736,7557,28,61
2014,15720,24864,48113,23249,506,62
2014,4318,7158,18848,11690,37,63
2014,4013,8667,20284,11617,-1,64
2014,13332,17726,41664,23938,869,65
2014,8295,10420,22831,12411,170,66
2014,7748,12820,25125,12305,929,67
2014,23449,34137,66612,32475,1719,68
2014,7034,11467,21846,10379,97,69
2014,6611,14373,28033,13660,-121,70
2014,14109,29094,54981,25887,385,71
2014,27536,40798,63676,22878,415,72
2014,3610,5697,8965,3268,48,73
2014,39994,64802,135539,70737,1966,74
2014,7837,36003,86744,50741,588,75
2014,15824,21099,36112,15013,238,76
2014,8483,47121,78232,31111,-656,77
2014,0,149398,179336,29938,0,78
2014,3595,8730,10729,1999,241,79
2014,9174,22964,32134,9170,459,80
2014,9117,16791,22195,5404,152,81
2014,12144,20022,37042,17020,409,82
2014,17999,26804,48726,21922,382,83
2014,4240,8825,16441,7616,84,84
2014,6408,11378,19301,7923,225,85
2014,6354,10102,18120,8018,111,86
2014,1818,2816,4302,1486,4,87
2014,7644,15467,25449,9982,240,88
2014,10075,16540,32531,15991,126,89
2014,6470,10522,18141,7619,80,90
2014,1611,3327,5351,2024,32,91
2014,5730,9901,19445,9544,48,92
2014,13187,20753,37859,17106,516,93
2014,60569,81325,148010,66685,0,94
2014,86055,98791,132850,34059,358,95
2014,66506,89001,139295,50294,116,96
2014,24367,29731,59048,29317,233,97
2014,2100,4885,10118,5233,62,98
2014,3122,3309,5410,2101,16,99
2014,3635,10212,15892,5680,141,100
2014,2290,4430,12437,8007,371,101
2014,11492,14996,22434,7438,123,102
2014,2005,2744,4338,1594,27,103
2014,4823,16736,23429,6693,244,104
2014,6132,6566,6566,0,0,105
,,,,,,
,,,,,,
